{
"type": "FeatureCollection",
"name": "water_level_sta",
"crs": { "type": "name", "properties": { "name": "urn:ogc:def:crs:OGC:1.3:CRS84" } },
"features": [
{ "type": "Feature", "properties": { "ST_NO": "1680H004", "NAME_C": "五里林橋", "ADDR_C": "高雄巿橋頭區東林里", "ADMICODE": 14, "WR_DIST_NO": 30, "DEPTID": 6, "DRAINAGE_A": "NULL", "LEVEL0": "950.6", "OBSERVE": "NULL", "RESERVOIR": "NULL", "REMARKS": null, "TM_X97": 177552.69, "TM_Y97": 2518818.5, "ISCROSSRIV": "1", "TRINO1": 1680, "TRINO2": null, "TRINO3": null, "DAMAREA": "NULL", "DISUMMARY": null, "OBSITEMS": "0", "REPLACE_ST": "NULL", "OBSREMARKS": "NULL", "BASIN_NAME": "典寶溪排水", "alert_level_1": null, "alert_level_2": null, "alert_level_3": null, "camera_sta": null, "camera_id": null, "camera_sourceid": null }, "geometry": { "type": "Point", "coordinates": [ 120.294491776354363, 22.76847335667944 ] } },
{ "type": "Feature", "properties": { "ST_NO": "1680H005", "NAME_C": "長潤橋", "ADDR_C": "高雄巿橋頭區芋寮里", "ADMICODE": 14, "WR_DIST_NO": 30, "DEPTID": 6, "DRAINAGE_A": "NULL", "LEVEL0": "925", "OBSERVE": null, "RESERVOIR": null, "REMARKS": null, "TM_X97": 175557.74, "TM_Y97": 2518111.83, "ISCROSSRIV": "1", "TRINO1": 1680, "TRINO2": null, "TRINO3": null, "DAMAREA": "NULL", "DISUMMARY": null, "OBSITEMS": "0", "REPLACE_ST": "NULL", "OBSREMARKS": "NULL", "BASIN_NAME": "典寶溪排水", "alert_level_1": null, "alert_level_2": null, "alert_level_3": null, "camera_sta": "典寶溪", "camera_id": "67", "camera_sourceid": "1" }, "geometry": { "type": "Point", "coordinates": [ 120.27509937549938, 22.762004895746411 ] } },
{ "type": "Feature", "properties": { "ST_NO": "1400H008", "NAME_C": "雙崎", "ADDR_C": "台中市和平區東崎路二段", "ADMICODE": 1, "WR_DIST_NO": 20, "DEPTID": 3, "DRAINAGE_A": "549.17", "LEVEL0": "48300", "OBSERVE": "1", "RESERVOIR": "2", "REMARKS": null, "TM_X97": 240928.6, "TM_Y97": 2687619.0, "ISCROSSRIV": "1", "TRINO1": 1400, "TRINO2": null, "TRINO3": null, "DAMAREA": "NULL", "DISUMMARY": "士林壩越域引水", "OBSITEMS": "0", "REPLACE_ST": "NULL", "OBSREMARKS": "NULL", "BASIN_NAME": "大安溪", "alert_level_1": 493.5, "alert_level_2": 492.4, "alert_level_3": null, "camera_sta": null, "camera_id": null, "camera_sourceid": null }, "geometry": { "type": "Point", "coordinates": [ 120.91063445420636, 24.294295060211134 ] } },
{ "type": "Feature", "properties": { "ST_NO": "1400H009", "NAME_C": "義里", "ADDR_C": "台中市后里區三豐路", "ADMICODE": 1, "WR_DIST_NO": 20, "DEPTID": 3, "DRAINAGE_A": "633.18", "LEVEL0": "18900", "OBSERVE": "1", "RESERVOIR": "1", "REMARKS": "NULL", "TM_X97": 223401.31, "TM_Y97": 2692965.57, "ISCROSSRIV": "1", "TRINO1": 1400, "TRINO2": "NULL", "TRINO3": "NULL", "DAMAREA": null, "DISUMMARY": "士林壩越域引水、卓蘭圳、埔尾橫圳等農田灌溉。", "OBSITEMS": "0,1,2", "REPLACE_ST": "NULL", "OBSREMARKS": "NULL", "BASIN_NAME": "大安溪", "alert_level_1": 196.5, "alert_level_2": 195.5, "alert_level_3": null, "camera_sta": "后里義里橋", "camera_id": "101", "camera_sourceid": "1" }, "geometry": { "type": "Point", "coordinates": [ 120.737868682233952, 24.342370148483059 ] } },
{ "type": "Feature", "properties": { "ST_NO": "1400H012", "NAME_C": "雪山坑", "ADDR_C": "台中縣和平鄉東崎路一段桃山巷73之6號", "ADMICODE": 1, "WR_DIST_NO": 20, "DEPTID": 3, "DRAINAGE_A": "45.32", "LEVEL0": "60873", "OBSERVE": "1", "RESERVOIR": "2", "REMARKS": "NULL", "TM_X97": 243320.7, "TM_Y97": 2692116.9, "ISCROSSRIV": "1", "TRINO1": 1400, "TRINO2": "140050", "TRINO3": "NULL", "DAMAREA": null, "DISUMMARY": null, "OBSITEMS": "0,1,2", "REPLACE_ST": "NULL", "OBSREMARKS": "NULL", "BASIN_NAME": "大安溪", "alert_level_1": 607.4, "alert_level_2": 606.0, "alert_level_3": null, "camera_sta": null, "camera_id": null, "camera_sourceid": null }, "geometry": { "type": "Point", "coordinates": [ 120.934178897302957, 24.334919531890776 ] } },
{ "type": "Feature", "properties": { "ST_NO": "1400H015", "NAME_C": "象鼻(3)", "ADDR_C": "苗栗縣泰安鄉象鼻村", "ADMICODE": 12, "WR_DIST_NO": 20, "DEPTID": 3, "DRAINAGE_A": "437.58", "LEVEL0": "53100", "OBSERVE": "1", "RESERVOIR": "2", "REMARKS": "NULL", "TM_X97": 244616.23, "TM_Y97": 2694646.7, "ISCROSSRIV": "1", "TRINO1": 1400, "TRINO2": "NULL", "TRINO3": "NULL", "DAMAREA": "士林壩", "DISUMMARY": null, "OBSITEMS": "0,1,2", "REPLACE_ST": "NULL", "OBSREMARKS": "NULL", "BASIN_NAME": "大安溪", "alert_level_1": 633.2, "alert_level_2": 631.3, "alert_level_3": null, "camera_sta": null, "camera_id": null, "camera_sourceid": null }, "geometry": { "type": "Point", "coordinates": [ 120.946936163130687, 24.357766512462383 ] } },
{ "type": "Feature", "properties": { "ST_NO": "1400H018", "NAME_C": "大安溪橋", "ADDR_C": "台中市大甲區經國路", "ADMICODE": 1, "WR_DIST_NO": 20, "DEPTID": 3, "DRAINAGE_A": "NULL", "LEVEL0": "6350", "OBSERVE": "NULL", "RESERVOIR": "NULL", "REMARKS": "NULL", "TM_X97": 213963.56, "TM_Y97": 2696107.32, "ISCROSSRIV": "1", "TRINO1": 1400, "TRINO2": null, "TRINO3": "NULL", "DAMAREA": null, "DISUMMARY": "士林壩越域引水、卓蘭圳、埔尾橫圳等農田灌溉。", "OBSITEMS": "0", "REPLACE_ST": "NULL", "OBSREMARKS": "NULL", "BASIN_NAME": "大安溪", "alert_level_1": 63.7, "alert_level_2": 62.9, "alert_level_3": null, "camera_sta": null, "camera_id": null, "camera_sourceid": null }, "geometry": { "type": "Point", "coordinates": [ 120.644781271550315, 24.370547748418854 ] } },
{ "type": "Feature", "properties": { "ST_NO": "1400H019", "NAME_C": "景山", "ADDR_C": "苗栗縣三義鄉鯉魚潭村", "ADMICODE": 1, "WR_DIST_NO": 20, "DEPTID": 12, "DRAINAGE_A": "18.89", "LEVEL0": "NULL", "OBSERVE": "NULL", "RESERVOIR": "NULL", "REMARKS": null, "TM_X97": 235602.3, "TM_Y97": 2693511.56, "ISCROSSRIV": "0", "TRINO1": 1400, "TRINO2": "140070", "TRINO3": null, "DAMAREA": "NULL", "DISUMMARY": null, "OBSITEMS": "0,1", "REPLACE_ST": "NULL", "OBSREMARKS": "NULL", "BASIN_NAME": "大安溪", "alert_level_1": null, "alert_level_2": null, "alert_level_3": null, "camera_sta": null, "camera_id": null, "camera_sourceid": null }, "geometry": { "type": "Point", "coordinates": [ 120.858104097576714, 24.347460069761638 ] } },
{ "type": "Feature", "properties": { "ST_NO": "1400H020", "NAME_C": "卓蘭", "ADDR_C": "台中市東勢區東蘭路", "ADMICODE": 1, "WR_DIST_NO": 20, "DEPTID": 3, "DRAINAGE_A": "NULL", "LEVEL0": "NULL", "OBSERVE": null, "RESERVOIR": null, "REMARKS": null, "TM_X97": 231546.7, "TM_Y97": 2689194.1, "ISCROSSRIV": "1", "TRINO1": 1400, "TRINO2": null, "TRINO3": null, "DAMAREA": "NULL", "DISUMMARY": null, "OBSITEMS": "0", "REPLACE_ST": "NULL", "OBSREMARKS": "NULL", "BASIN_NAME": "大安溪", "alert_level_1": 326.3, "alert_level_2": 325.3, "alert_level_3": null, "camera_sta": null, "camera_id": null, "camera_sourceid": null }, "geometry": { "type": "Point", "coordinates": [ 120.818190072375955, 24.308434445810619 ] } },
{ "type": "Feature", "properties": { "ST_NO": "1140H001", "NAME_C": "玉峰(馬利哥灣)", "ADDR_C": "新竹縣尖石鄉玉峰村", "ADMICODE": 19, "WR_DIST_NO": 10, "DEPTID": 11, "DRAINAGE_A": "335.29", "LEVEL0": "68800", "OBSERVE": "1", "RESERVOIR": "2", "REMARKS": "NULL", "TM_X97": 280175.42, "TM_Y97": 2727757.28, "ISCROSSRIV": "0", "TRINO1": 1140, "TRINO2": "NULL", "TRINO3": "NULL", "DAMAREA": "NULL", "DISUMMARY": "NULL", "OBSITEMS": "0,1", "REPLACE_ST": "NULL", "OBSREMARKS": "NULL", "BASIN_NAME": "淡水河", "alert_level_1": null, "alert_level_2": null, "alert_level_3": null, "camera_sta": null, "camera_id": null, "camera_sourceid": null }, "geometry": { "type": "Point", "coordinates": [ 121.298119612111648, 24.656434741302505 ] } },
{ "type": "Feature", "properties": { "ST_NO": "1140H002", "NAME_C": "稜角", "ADDR_C": "桃園市復興區華陵里", "ADMICODE": 13, "WR_DIST_NO": 10, "DEPTID": 11, "DRAINAGE_A": "107.76", "LEVEL0": "52500", "OBSERVE": "1", "RESERVOIR": "2", "REMARKS": "NULL", "TM_X97": 288841.17, "TM_Y97": 2730122.57, "ISCROSSRIV": "0", "TRINO1": 1140, "TRINO2": "NULL", "TRINO3": "NULL", "DAMAREA": "NULL", "DISUMMARY": "NULL", "OBSITEMS": "0,1", "REPLACE_ST": "NULL", "OBSREMARKS": "NULL", "BASIN_NAME": "淡水河", "alert_level_1": null, "alert_level_2": null, "alert_level_3": null, "camera_sta": null, "camera_id": null, "camera_sourceid": null }, "geometry": { "type": "Point", "coordinates": [ 121.383797320725307, 24.677595737157603 ] } },
{ "type": "Feature", "properties": { "ST_NO": "1140H029", "NAME_C": "台北橋", "ADDR_C": "台北市大同區星耀里", "ADMICODE": 3, "WR_DIST_NO": 10, "DEPTID": 10, "DRAINAGE_A": "2110.32", "LEVEL0": "100", "OBSERVE": "1", "RESERVOIR": "1", "REMARKS": "NULL", "TM_X97": 300945.82, "TM_Y97": 2771605.79, "ISCROSSRIV": "0", "TRINO1": 1140, "TRINO2": "NULL", "TRINO3": "NULL", "DAMAREA": null, "DISUMMARY": null, "OBSITEMS": null, "REPLACE_ST": "NULL", "OBSREMARKS": "NULL", "BASIN_NAME": "淡水河", "alert_level_1": 8.5, "alert_level_2": 6.7, "alert_level_3": 2.2, "camera_sta": null, "camera_id": null, "camera_sourceid": null }, "geometry": { "type": "Point", "coordinates": [ 121.504921432607915, 25.051761083143674 ] } },
{ "type": "Feature", "properties": { "ST_NO": "1140H036", "NAME_C": "中山橋", "ADDR_C": "台北市中山區中山北路三段", "ADMICODE": 3, "WR_DIST_NO": 10, "DEPTID": 10, "DRAINAGE_A": "397.5", "LEVEL0": "100", "OBSERVE": "1", "RESERVOIR": "1", "REMARKS": "NULL", "TM_X97": 303031.57, "TM_Y97": 2774110.65, "ISCROSSRIV": "NULL", "TRINO1": 1140, "TRINO2": "NULL", "TRINO3": "NULL", "DAMAREA": "NULL", "DISUMMARY": "NULL", "OBSITEMS": "NULL", "REPLACE_ST": "NULL", "OBSREMARKS": "NULL", "BASIN_NAME": "淡水河", "alert_level_1": 9.2, "alert_level_2": 7.1, "alert_level_3": null, "camera_sta": "圓山抽水站", "camera_id": "87", "camera_sourceid": "1" }, "geometry": { "type": "Point", "coordinates": [ 121.525689009868415, 25.074303064651534 ] } },
{ "type": "Feature", "properties": { "ST_NO": "1140H039", "NAME_C": "土地公鼻(即時)", "ADDR_C": "新北市淡水區竹圍里土地公鼻", "ADMICODE": 4, "WR_DIST_NO": 10, "DEPTID": 10, "DRAINAGE_A": "2689", "LEVEL0": "100", "OBSERVE": "1", "RESERVOIR": "1", "REMARKS": "NULL", "TM_X97": 296024.41, "TM_Y97": 2780761.9, "ISCROSSRIV": "NULL", "TRINO1": 1140, "TRINO2": "NULL", "TRINO3": "NULL", "DAMAREA": "NULL", "DISUMMARY": "NULL", "OBSITEMS": "NULL", "REPLACE_ST": "NULL", "OBSREMARKS": "NULL", "BASIN_NAME": "淡水河", "alert_level_1": 5.0, "alert_level_2": 3.1, "alert_level_3": 2.1, "camera_sta": null, "camera_id": null, "camera_sourceid": null }, "geometry": { "type": "Point", "coordinates": [ 121.456453465231746, 25.134580068710509 ] } },
{ "type": "Feature", "properties": { "ST_NO": "1140H041", "NAME_C": "秀巒", "ADDR_C": "新竹縣尖石鄉秀巒村", "ADMICODE": 19, "WR_DIST_NO": 10, "DEPTID": 11, "DRAINAGE_A": "115.93", "LEVEL0": "82700", "OBSERVE": "1", "RESERVOIR": "2", "REMARKS": "NULL", "TM_X97": 278894.77, "TM_Y97": 2723351.2, "ISCROSSRIV": "0", "TRINO1": 1140, "TRINO2": "NULL", "TRINO3": "NULL", "DAMAREA": "NULL", "DISUMMARY": "NULL", "OBSITEMS": "0,1", "REPLACE_ST": "NULL", "OBSREMARKS": "NULL", "BASIN_NAME": "淡水河", "alert_level_1": null, "alert_level_2": null, "alert_level_3": null, "camera_sta": null, "camera_id": null, "camera_sourceid": null }, "geometry": { "type": "Point", "coordinates": [ 121.285377109805708, 24.616678093600875 ] } },
{ "type": "Feature", "properties": { "ST_NO": "1140H043", "NAME_C": "高義", "ADDR_C": "桃園市復興區高義里", "ADMICODE": 13, "WR_DIST_NO": 10, "DEPTID": 11, "DRAINAGE_A": "542.03", "LEVEL0": "43800", "OBSERVE": "1", "RESERVOIR": "2", "REMARKS": "NULL", "TM_X97": 286859.36, "TM_Y97": 2734189.82, "ISCROSSRIV": "0", "TRINO1": 1140, "TRINO2": "NULL", "TRINO3": "NULL", "DAMAREA": "石門水庫", "DISUMMARY": null, "OBSITEMS": "0", "REPLACE_ST": "NULL", "OBSREMARKS": "NULL", "BASIN_NAME": "淡水河", "alert_level_1": null, "alert_level_2": null, "alert_level_3": null, "camera_sta": null, "camera_id": null, "camera_sourceid": null }, "geometry": { "type": "Point", "coordinates": [ 121.364321750414931, 24.714365940481795 ] } },
{ "type": "Feature", "properties": { "ST_NO": "1140H048", "NAME_C": "三峽(2)", "ADDR_C": "新北市三峽區三峽橋", "ADMICODE": 4, "WR_DIST_NO": 10, "DEPTID": 10, "DRAINAGE_A": "125.34", "LEVEL0": "3706", "OBSERVE": "1", "RESERVOIR": "2", "REMARKS": null, "TM_X97": 287752.81, "TM_Y97": 2758581.45, "ISCROSSRIV": "1", "TRINO1": 1140, "TRINO2": "114010", "TRINO3": "114010", "DAMAREA": "NULL", "DISUMMARY": null, "OBSITEMS": "0,1,2", "REPLACE_ST": "NULL", "OBSREMARKS": "NULL", "BASIN_NAME": "淡水河", "alert_level_1": 32.5, "alert_level_2": 31.3, "alert_level_3": null, "camera_sta": "三峽長福橋", "camera_id": "123", "camera_sourceid": "1" }, "geometry": { "type": "Point", "coordinates": [ 121.373812934225157, 24.934561687062427 ] } },
{ "type": "Feature", "properties": { "ST_NO": "1140H049", "NAME_C": "橫溪", "ADDR_C": "新北市三峽區溪北里", "ADMICODE": 4, "WR_DIST_NO": 10, "DEPTID": 10, "DRAINAGE_A": "52.88", "LEVEL0": "2174", "OBSERVE": "1", "RESERVOIR": "2", "REMARKS": null, "TM_X97": 289877.43, "TM_Y97": 2758720.0, "ISCROSSRIV": "0", "TRINO1": 1140, "TRINO2": "114010", "TRINO3": "114011", "DAMAREA": "NULL", "DISUMMARY": null, "OBSITEMS": "0,1,2", "REPLACE_ST": "無", "OBSREMARKS": "NULL", "BASIN_NAME": "淡水河", "alert_level_1": 25.0, "alert_level_2": null, "alert_level_3": null, "camera_sta": null, "camera_id": null, "camera_sourceid": null }, "geometry": { "type": "Point", "coordinates": [ 121.394853657891517, 24.935758305822901 ] } },
{ "type": "Feature", "properties": { "ST_NO": "1140H053", "NAME_C": "洲美大橋", "ADDR_C": "台北市士林區洲美里", "ADMICODE": 3, "WR_DIST_NO": 10, "DEPTID": 10, "DRAINAGE_A": "398.91", "LEVEL0": "100", "OBSERVE": "2", "RESERVOIR": "1", "REMARKS": "NULL", "TM_X97": 301936.06, "TM_Y97": 2774680.35, "ISCROSSRIV": "NULL", "TRINO1": 1140, "TRINO2": "NULL", "TRINO3": "NULL", "DAMAREA": "NULL", "DISUMMARY": "NULL", "OBSITEMS": "NULL", "REPLACE_ST": "NULL", "OBSREMARKS": "NULL", "BASIN_NAME": "淡水河", "alert_level_1": null, "alert_level_2": null, "alert_level_3": null, "camera_sta": null, "camera_id": null, "camera_sourceid": null }, "geometry": { "type": "Point", "coordinates": [ 121.514851344073847, 25.079484332370299 ] } },
{ "type": "Feature", "properties": { "ST_NO": "1140H054", "NAME_C": "霞雲", "ADDR_C": "桃園市復興區羅浮里", "ADMICODE": 13, "WR_DIST_NO": 10, "DEPTID": 11, "DRAINAGE_A": "622.8", "LEVEL0": "24900", "OBSERVE": "1", "RESERVOIR": "1", "REMARKS": "NULL", "TM_X97": 286643.4, "TM_Y97": 2740132.51, "ISCROSSRIV": "0", "TRINO1": 1140, "TRINO2": "NULL", "TRINO3": "NULL", "DAMAREA": "NULL", "DISUMMARY": "NULL", "OBSITEMS": "0,1", "REPLACE_ST": "NULL", "OBSREMARKS": "NULL", "BASIN_NAME": "淡水河", "alert_level_1": null, "alert_level_2": null, "alert_level_3": null, "camera_sta": null, "camera_id": null, "camera_sourceid": null }, "geometry": { "type": "Point", "coordinates": [ 121.362342677973359, 24.76802477053209 ] } },
{ "type": "Feature", "properties": { "ST_NO": "1140H058", "NAME_C": "五堵", "ADDR_C": "基隆市七堵區五堵北街", "ADMICODE": 16, "WR_DIST_NO": 10, "DEPTID": 10, "DRAINAGE_A": "204.41", "LEVEL0": "395", "OBSERVE": "1", "RESERVOIR": "1", "REMARKS": null, "TM_X97": 320267.38, "TM_Y97": 2774725.35, "ISCROSSRIV": "0", "TRINO1": 1140, "TRINO2": "114030", "TRINO3": null, "DAMAREA": "NULL", "DISUMMARY": "新山水庫取水、員山子分洪", "OBSITEMS": "0,1,2", "REPLACE_ST": "NULL", "OBSREMARKS": "NULL", "BASIN_NAME": "淡水河", "alert_level_1": 17.4, "alert_level_2": 14.4, "alert_level_3": null, "camera_sta": null, "camera_id": null, "camera_sourceid": null }, "geometry": { "type": "Point", "coordinates": [ 121.696566039432483, 25.079148985499447 ] } },
{ "type": "Feature", "properties": { "ST_NO": "1140H059", "NAME_C": "獅子頭(即時)", "ADDR_C": "新北市五股區集福里", "ADMICODE": 4, "WR_DIST_NO": 10, "DEPTID": 10, "DRAINAGE_A": "2207.11", "LEVEL0": "100", "OBSERVE": "1", "RESERVOIR": "1", "REMARKS": "NULL", "TM_X97": 296524.99999999994, "TM_Y97": 2778130.17, "ISCROSSRIV": "NULL", "TRINO1": 1140, "TRINO2": "NULL", "TRINO3": "NULL", "DAMAREA": "NULL", "DISUMMARY": "NULL", "OBSITEMS": "NULL", "REPLACE_ST": "NULL", "OBSREMARKS": "NULL", "BASIN_NAME": "淡水河", "alert_level_1": 4.5, "alert_level_2": 3.0, "alert_level_3": null, "camera_sta": "獅子頭", "camera_id": "20", "camera_sourceid": "1" }, "geometry": { "type": "Point", "coordinates": [ 121.461328787280294, 25.11080559360612 ] } },
{ "type": "Feature", "properties": { "ST_NO": "1140H066", "NAME_C": "秀朗", "ADDR_C": "新北市中和區秀朗橋", "ADMICODE": 4, "WR_DIST_NO": 10, "DEPTID": 10, "DRAINAGE_A": "750.76", "LEVEL0": "1827", "OBSERVE": "1", "RESERVOIR": "1", "REMARKS": null, "TM_X97": 303419.00000000006, "TM_Y97": 2764707.25, "ISCROSSRIV": "1", "TRINO1": 1140, "TRINO2": "114020", "TRINO3": null, "DAMAREA": "NULL", "DISUMMARY": "青潭堰 直潭堰 自來水取水；翡翠、桂山壩放水", "OBSITEMS": "0,1,2", "REPLACE_ST": "NULL", "OBSREMARKS": "NULL", "BASIN_NAME": "淡水河", "alert_level_1": 11.3, "alert_level_2": 9.1, "alert_level_3": 5.9, "camera_sta": "大鵬橫移門", "camera_id": "102", "camera_sourceid": "1" }, "geometry": { "type": "Point", "coordinates": [ 121.529165120168841, 24.989395923864219 ] } },
{ "type": "Feature", "properties": { "ST_NO": "1140H067", "NAME_C": "三鶯橋", "ADDR_C": "新北市鶯歌區南靖里", "ADMICODE": 4, "WR_DIST_NO": 10, "DEPTID": 10, "DRAINAGE_A": "842", "LEVEL0": "5224", "OBSERVE": "1", "RESERVOIR": "1", "REMARKS": null, "TM_X97": 285686.56, "TM_Y97": 2759705.09, "ISCROSSRIV": "1", "TRINO1": 1140, "TRINO2": "114010", "TRINO3": null, "DAMAREA": "NULL", "DISUMMARY": "鳶山堰取水", "OBSITEMS": "0", "REPLACE_ST": "NULL", "OBSREMARKS": "NULL", "BASIN_NAME": "淡水河", "alert_level_1": 44.6, "alert_level_2": 43.6, "alert_level_3": null, "camera_sta": null, "camera_id": null, "camera_sourceid": null }, "geometry": { "type": "Point", "coordinates": [ 121.353383019448884, 24.944756134051694 ] } },
{ "type": "Feature", "properties": { "ST_NO": "1140H068", "NAME_C": "屈尺", "ADDR_C": "新北市新店區龜山橋", "ADMICODE": 4, "WR_DIST_NO": 10, "DEPTID": 10, "DRAINAGE_A": "645.65", "LEVEL0": "4710", "OBSERVE": "1", "RESERVOIR": "1", "REMARKS": null, "TM_X97": 305208.66, "TM_Y97": 2756465.99, "ISCROSSRIV": "0", "TRINO1": 1140, "TRINO2": "114020", "TRINO3": null, "DAMAREA": "屈尺壩", "DISUMMARY": "粗坑霸發電廠取水", "OBSITEMS": "0,1,2", "REPLACE_ST": "NULL", "OBSREMARKS": "目前水位站因堰壩操作 測得水位偏低 水位低於水位計探頭 測得數據可能不正確 故暫停對外傳送資料", "BASIN_NAME": "淡水河", "alert_level_1": 50.5, "alert_level_2": null, "alert_level_3": null, "camera_sta": "粗坑壩", "camera_id": "119", "camera_sourceid": "1" }, "geometry": { "type": "Point", "coordinates": [ 121.546564219117627, 24.914929502731926 ] } },
{ "type": "Feature", "properties": { "ST_NO": "1140H076", "NAME_C": "石門(後池)", "ADDR_C": "桃園市龍潭區大坪里", "ADMICODE": 13, "WR_DIST_NO": 10, "DEPTID": 10, "DRAINAGE_A": "758.89", "LEVEL0": "13226", "OBSERVE": "1", "RESERVOIR": "1", "REMARKS": null, "TM_X97": 275577.03, "TM_Y97": 2746191.39, "ISCROSSRIV": "0", "TRINO1": 1140, "TRINO2": "114010", "TRINO3": null, "DAMAREA": "石門大壩", "DISUMMARY": "石門大壩", "OBSITEMS": "0", "REPLACE_ST": "NULL", "OBSREMARKS": "NULL", "BASIN_NAME": "淡水河", "alert_level_1": null, "alert_level_2": null, "alert_level_3": null, "camera_sta": null, "camera_id": null, "camera_sourceid": null }, "geometry": { "type": "Point", "coordinates": [ 121.253026545636644, 24.822952366119218 ] } },
{ "type": "Feature", "properties": { "ST_NO": "1140H077", "NAME_C": "大直橋", "ADDR_C": "台北市中山區", "ADMICODE": 3, "WR_DIST_NO": 10, "DEPTID": 10, "DRAINAGE_A": "388.44", "LEVEL0": "100", "OBSERVE": "1", "RESERVOIR": "1", "REMARKS": "NULL", "TM_X97": 305920.02, "TM_Y97": 2775214.18, "ISCROSSRIV": "NULL", "TRINO1": 1140, "TRINO2": "NULL", "TRINO3": "NULL", "DAMAREA": "NULL", "DISUMMARY": "NULL", "OBSITEMS": "NULL", "REPLACE_ST": "NULL", "OBSREMARKS": "NULL", "BASIN_NAME": "淡水河", "alert_level_1": 9.8, "alert_level_2": 8.0, "alert_level_3": 3.3, "camera_sta": null, "camera_id": null, "camera_sourceid": null }, "geometry": { "type": "Point", "coordinates": [ 121.554365341552142, 25.084161423337125 ] } },
{ "type": "Feature", "properties": { "ST_NO": "1140H082", "NAME_C": "寶橋", "ADDR_C": "台北市木柵區寶橋", "ADMICODE": 3, "WR_DIST_NO": 10, "DEPTID": 10, "DRAINAGE_A": "109.22", "LEVEL0": "2300", "OBSERVE": "1", "RESERVOIR": "1", "REMARKS": "NULL", "TM_X97": 305851.87, "TM_Y97": 2763650.41, "ISCROSSRIV": "1", "TRINO1": 1140, "TRINO2": "114020", "TRINO3": "114023", "DAMAREA": null, "DISUMMARY": null, "OBSITEMS": "0,1,2", "REPLACE_ST": "NULL", "OBSREMARKS": "NULL", "BASIN_NAME": "淡水河", "alert_level_1": 18.0, "alert_level_2": 15.0, "alert_level_3": 11.6, "camera_sta": "文山寶橋", "camera_id": "21", "camera_sourceid": "1" }, "geometry": { "type": "Point", "coordinates": [ 121.553221409634304, 24.97976714625279 ] } },
{ "type": "Feature", "properties": { "ST_NO": "1140H083", "NAME_C": "入口堰(即時)", "ADDR_C": "新北市三重區重新路", "ADMICODE": 4, "WR_DIST_NO": 10, "DEPTID": 10, "DRAINAGE_A": "2055.58", "LEVEL0": "200", "OBSERVE": "1", "RESERVOIR": "1", "REMARKS": "NULL", "TM_X97": 298654.08, "TM_Y97": 2770969.57, "ISCROSSRIV": "NULL", "TRINO1": 1140, "TRINO2": "NULL", "TRINO3": "NULL", "DAMAREA": "NULL", "DISUMMARY": "NULL", "OBSITEMS": "NULL", "REPLACE_ST": "NULL", "OBSREMARKS": "NULL", "BASIN_NAME": "淡水河", "alert_level_1": 3.8, "alert_level_2": 3.5, "alert_level_3": 3.3, "camera_sta": "二重疏洪道", "camera_id": "18", "camera_sourceid": "1" }, "geometry": { "type": "Point", "coordinates": [ 121.482186296147034, 25.04609275831065 ] } },
{ "type": "Feature", "properties": { "ST_NO": "1140H084", "NAME_C": "疏洪道(即時)", "ADDR_C": "新北市新莊區台貿二村", "ADMICODE": 4, "WR_DIST_NO": 10, "DEPTID": 10, "DRAINAGE_A": "2057.4", "LEVEL0": "200", "OBSERVE": "1", "RESERVOIR": "1", "REMARKS": "NULL", "TM_X97": 296929.67, "TM_Y97": 2773137.79, "ISCROSSRIV": "NULL", "TRINO1": 1140, "TRINO2": "NULL", "TRINO3": "NULL", "DAMAREA": "NULL", "DISUMMARY": "NULL", "OBSITEMS": "NULL", "REPLACE_ST": "NULL", "OBSREMARKS": "NULL", "BASIN_NAME": "淡水河", "alert_level_1": null, "alert_level_2": null, "alert_level_3": null, "camera_sta": null, "camera_id": null, "camera_sourceid": null }, "geometry": { "type": "Point", "coordinates": [ 121.46517086496624, 25.065721966796723 ] } },
{ "type": "Feature", "properties": { "ST_NO": "1140H087", "NAME_C": "河口", "ADDR_C": "新北市淡水區第二漁港內", "ADMICODE": 4, "WR_DIST_NO": 10, "DEPTID": 10, "DRAINAGE_A": "2726", "LEVEL0": "200", "OBSERVE": "1", "RESERVOIR": "1", "REMARKS": "NULL", "TM_X97": 291342.27, "TM_Y97": 2786073.75, "ISCROSSRIV": "NULL", "TRINO1": 1140, "TRINO2": "NULL", "TRINO3": "NULL", "DAMAREA": "NULL", "DISUMMARY": "NULL", "OBSITEMS": "NULL", "REPLACE_ST": "NULL", "OBSREMARKS": "NULL", "BASIN_NAME": "淡水河", "alert_level_1": null, "alert_level_2": null, "alert_level_3": null, "camera_sta": null, "camera_id": null, "camera_sourceid": null }, "geometry": { "type": "Point", "coordinates": [ 121.410179018386813, 25.182670984971118 ] } },
{ "type": "Feature", "properties": { "ST_NO": "1140H089", "NAME_C": "上龜山橋", "ADDR_C": "新北市新店區新烏路上龜山橋", "ADMICODE": 4, "WR_DIST_NO": 10, "DEPTID": 10, "DRAINAGE_A": "345.73", "LEVEL0": "6900", "OBSERVE": "1", "RESERVOIR": "2", "REMARKS": null, "TM_X97": 305557.65, "TM_Y97": 2754705.61, "ISCROSSRIV": "1", "TRINO1": 1140, "TRINO2": "114020", "TRINO3": "114021", "DAMAREA": "NULL", "DISUMMARY": "桂山壩發電取水", "OBSITEMS": "0,4", "REPLACE_ST": "NULL", "OBSREMARKS": "NULL", "BASIN_NAME": "淡水河", "alert_level_1": 62.4, "alert_level_2": 60.5, "alert_level_3": null, "camera_sta": "上龜山橋", "camera_id": "120", "camera_sourceid": "21" }, "geometry": { "type": "Point", "coordinates": [ 121.549948637204096, 24.899023953436814 ] } },
{ "type": "Feature", "properties": { "ST_NO": "1140H095", "NAME_C": "覽勝橋", "ADDR_C": "新北市烏來區攬勝橋", "ADMICODE": 4, "WR_DIST_NO": 10, "DEPTID": 10, "DRAINAGE_A": "2.24", "LEVEL0": "12320", "OBSERVE": "1", "RESERVOIR": "2", "REMARKS": null, "TM_X97": 305709.4, "TM_Y97": 2750618.0, "ISCROSSRIV": "1", "TRINO1": 1140, "TRINO2": "114020", "TRINO3": "114021", "DAMAREA": "NULL", "DISUMMARY": "桂山壩發電取水", "OBSITEMS": "0", "REPLACE_ST": "NULL", "OBSREMARKS": "NULL", "BASIN_NAME": "淡水河", "alert_level_1": 114.5, "alert_level_2": 112.5, "alert_level_3": null, "camera_sta": "烏來覽勝橋", "camera_id": "137", "camera_sourceid": "1" }, "geometry": { "type": "Point", "coordinates": [ 121.551286915010948, 24.862115027039629 ] } },
{ "type": "Feature", "properties": { "ST_NO": "1140H096", "NAME_C": "水源橋", "ADDR_C": "新北市坪林區水源橋", "ADMICODE": 4, "WR_DIST_NO": 10, "DEPTID": 14, "DRAINAGE_A": "1.13", "LEVEL0": "167.42", "OBSERVE": "1", "RESERVOIR": "1", "REMARKS": "NULL", "TM_X97": 320740.12, "TM_Y97": 2758893.03, "ISCROSSRIV": "1", "TRINO1": 1140, "TRINO2": "NULL", "TRINO3": "NULL", "DAMAREA": null, "DISUMMARY": null, "OBSITEMS": "0,1", "REPLACE_ST": "NULL", "OBSREMARKS": "NULL", "BASIN_NAME": "淡水河", "alert_level_1": null, "alert_level_2": 177.2, "alert_level_3": 176.9, "camera_sta": null, "camera_id": null, "camera_sourceid": null }, "geometry": { "type": "Point", "coordinates": [ 121.700440978532626, 24.936197563896929 ] } },
{ "type": "Feature", "properties": { "ST_NO": "1140H097", "NAME_C": "大林橋", "ADDR_C": "新北市坪林區大林橋", "ADMICODE": 4, "WR_DIST_NO": 10, "DEPTID": 14, "DRAINAGE_A": "0.9", "LEVEL0": "171.28", "OBSERVE": "1", "RESERVOIR": "2", "REMARKS": "NULL", "TM_X97": 321228.18, "TM_Y97": 2758470.67, "ISCROSSRIV": "1", "TRINO1": 1140, "TRINO2": "NULL", "TRINO3": "NULL", "DAMAREA": null, "DISUMMARY": null, "OBSITEMS": "0,1", "REPLACE_ST": "NULL", "OBSREMARKS": "NULL", "BASIN_NAME": "淡水河", "alert_level_1": null, "alert_level_2": null, "alert_level_3": null, "camera_sta": null, "camera_id": null, "camera_sourceid": null }, "geometry": { "type": "Point", "coordinates": [ 121.705251568798815, 24.932361803462001 ] } },
{ "type": "Feature", "properties": { "ST_NO": "1140H098", "NAME_C": "金瓜寮橋", "ADDR_C": "新北市坪林區金瓜寮溪橋", "ADMICODE": 4, "WR_DIST_NO": 10, "DEPTID": 14, "DRAINAGE_A": "0.23", "LEVEL0": "163.47", "OBSERVE": "1", "RESERVOIR": "2", "REMARKS": "NULL", "TM_X97": 319600.99999999994, "TM_Y97": 2758006.0, "ISCROSSRIV": "0", "TRINO1": 1140, "TRINO2": "NULL", "TRINO3": "NULL", "DAMAREA": null, "DISUMMARY": null, "OBSITEMS": "0,1", "REPLACE_ST": "NULL", "OBSREMARKS": "NULL", "BASIN_NAME": "淡水河", "alert_level_1": null, "alert_level_2": null, "alert_level_3": null, "camera_sta": null, "camera_id": null, "camera_sourceid": null }, "geometry": { "type": "Point", "coordinates": [ 121.689117976096639, 24.928242206684143 ] } },
{ "type": "Feature", "properties": { "ST_NO": "1140H099", "NAME_C": "思源橋", "ADDR_C": "新北市坪林區思源橋", "ADMICODE": 4, "WR_DIST_NO": 10, "DEPTID": 14, "DRAINAGE_A": "0.74", "LEVEL0": "259.33", "OBSERVE": "1", "RESERVOIR": "2", "REMARKS": "NULL", "TM_X97": 327669.24, "TM_Y97": 2761753.48, "ISCROSSRIV": "1", "TRINO1": 1140, "TRINO2": "NULL", "TRINO3": "NULL", "DAMAREA": "NULL", "DISUMMARY": "NULL", "OBSITEMS": "0,1", "REPLACE_ST": "NULL", "OBSREMARKS": "NULL", "BASIN_NAME": "淡水河", "alert_level_1": null, "alert_level_2": null, "alert_level_3": null, "camera_sta": null, "camera_id": null, "camera_sourceid": null }, "geometry": { "type": "Point", "coordinates": [ 121.769206144878638, 24.961682420969566 ] } },
{ "type": "Feature", "properties": { "ST_NO": "1140H101", "NAME_C": "坪林拱橋站", "ADDR_C": "新北市坪林區坪林拱橋", "ADMICODE": 4, "WR_DIST_NO": 10, "DEPTID": 14, "DRAINAGE_A": "1.12", "LEVEL0": "179.08", "OBSERVE": "1", "RESERVOIR": "2", "REMARKS": "NULL", "TM_X97": 321987.7, "TM_Y97": 2758862.52, "ISCROSSRIV": "1", "TRINO1": 1140, "TRINO2": "NULL", "TRINO3": "NULL", "DAMAREA": null, "DISUMMARY": null, "OBSITEMS": "0,1", "REPLACE_ST": "NULL", "OBSREMARKS": "NULL", "BASIN_NAME": "淡水河", "alert_level_1": null, "alert_level_2": null, "alert_level_3": null, "camera_sta": null, "camera_id": null, "camera_sourceid": null }, "geometry": { "type": "Point", "coordinates": [ 121.712791695918114, 24.935863561477493 ] } },
{ "type": "Feature", "properties": { "ST_NO": "1140H102", "NAME_C": "虎寮潭橋站", "ADDR_C": "新北市坪林區虎寮潭橋", "ADMICODE": 4, "WR_DIST_NO": 10, "DEPTID": 14, "DRAINAGE_A": "0.92", "LEVEL0": "203.54", "OBSERVE": "1", "RESERVOIR": "2", "REMARKS": "NULL", "TM_X97": 324793.74, "TM_Y97": 2760427.71, "ISCROSSRIV": "1", "TRINO1": 1140, "TRINO2": "NULL", "TRINO3": "NULL", "DAMAREA": "NULL", "DISUMMARY": "NULL", "OBSITEMS": "0,1", "REPLACE_ST": "NULL", "OBSREMARKS": "NULL", "BASIN_NAME": "淡水河", "alert_level_1": null, "alert_level_2": null, "alert_level_3": null, "camera_sta": null, "camera_id": null, "camera_sourceid": null }, "geometry": { "type": "Point", "coordinates": [ 121.740658604560721, 24.949858155206734 ] } },
{ "type": "Feature", "properties": { "ST_NO": "1140H105", "NAME_C": "城林橋", "ADDR_C": "新北市土城區城林橋", "ADMICODE": 4, "WR_DIST_NO": 10, "DEPTID": 10, "DRAINAGE_A": "NULL", "LEVEL0": "2042", "OBSERVE": "NULL", "RESERVOIR": "NULL", "REMARKS": null, "TM_X97": 293464.26, "TM_Y97": 2763559.68, "ISCROSSRIV": "1", "TRINO1": 1140, "TRINO2": "114010", "TRINO3": null, "DAMAREA": "NULL", "DISUMMARY": "鳶山堰取水；感潮段", "OBSITEMS": "0", "REPLACE_ST": "NULL", "OBSREMARKS": "NULL", "BASIN_NAME": "淡水河", "alert_level_1": 15.3, "alert_level_2": 13.0, "alert_level_3": null, "camera_sta": "土城抽水站", "camera_id": "17", "camera_sourceid": "1" }, "geometry": { "type": "Point", "coordinates": [ 121.430520486055059, 24.979353480045681 ] } },
{ "type": "Feature", "properties": { "ST_NO": "1140H106", "NAME_C": "建國橋", "ADDR_C": "新北市鶯歌區建國橋", "ADMICODE": 4, "WR_DIST_NO": 10, "DEPTID": 10, "DRAINAGE_A": "NULL", "LEVEL0": "5728", "OBSERVE": "NULL", "RESERVOIR": "NULL", "REMARKS": null, "TM_X97": 284701.21, "TM_Y97": 2760513.75, "ISCROSSRIV": "1", "TRINO1": 1140, "TRINO2": "114010", "TRINO3": "114012", "DAMAREA": "NULL", "DISUMMARY": null, "OBSITEMS": "0", "REPLACE_ST": "NULL", "OBSREMARKS": "NULL", "BASIN_NAME": "淡水河", "alert_level_1": null, "alert_level_2": null, "alert_level_3": null, "camera_sta": null, "camera_id": null, "camera_sourceid": null }, "geometry": { "type": "Point", "coordinates": [ 121.343646076437807, 24.952079765750657 ] } },
{ "type": "Feature", "properties": { "ST_NO": "1140H107", "NAME_C": "安坑橋", "ADDR_C": "新北市新店區安坑橋", "ADMICODE": 4, "WR_DIST_NO": 10, "DEPTID": 10, "DRAINAGE_A": "NULL", "LEVEL0": "2398", "OBSERVE": "NULL", "RESERVOIR": "NULL", "REMARKS": null, "TM_X97": 303297.34, "TM_Y97": 2762632.04, "ISCROSSRIV": "1", "TRINO1": 1140, "TRINO2": "114020", "TRINO3": null, "DAMAREA": "NULL", "DISUMMARY": "青潭堰 直潭堰 自來水取水；翡翠、桂山壩放水", "OBSITEMS": "0", "REPLACE_ST": "NULL", "OBSREMARKS": "NULL", "BASIN_NAME": "淡水河", "alert_level_1": 15.1, "alert_level_2": 12.4, "alert_level_3": 10.7, "camera_sta": null, "camera_id": null, "camera_sourceid": null }, "geometry": { "type": "Point", "coordinates": [ 121.527880022686674, 24.970665162997282 ] } },
{ "type": "Feature", "properties": { "ST_NO": "1140H108", "NAME_C": "萬福橋", "ADDR_C": "台北市文山區萬福橋", "ADMICODE": 3, "WR_DIST_NO": 10, "DEPTID": 10, "DRAINAGE_A": "NULL", "LEVEL0": "2758", "OBSERVE": "NULL", "RESERVOIR": "NULL", "REMARKS": null, "TM_X97": 308981.52, "TM_Y97": 2766106.41, "ISCROSSRIV": "1", "TRINO1": 1140, "TRINO2": "114020", "TRINO3": "114023", "DAMAREA": "NULL", "DISUMMARY": null, "OBSITEMS": "0", "REPLACE_ST": "NULL", "OBSREMARKS": "NULL", "BASIN_NAME": "淡水河", "alert_level_1": 22.4, "alert_level_2": 19.4, "alert_level_3": null, "camera_sta": null, "camera_id": null, "camera_sourceid": null }, "geometry": { "type": "Point", "coordinates": [ 121.584324652809684, 25.001821284728958 ] } },
{ "type": "Feature", "properties": { "ST_NO": "1140H109", "NAME_C": "屈尺堰", "ADDR_C": "新北市新店區", "ADMICODE": 4, "WR_DIST_NO": 10, "DEPTID": 14, "DRAINAGE_A": "NULL", "LEVEL0": "60.32", "OBSERVE": "1", "RESERVOIR": "2", "REMARKS": "NULL", "TM_X97": 305208.66, "TM_Y97": 2756465.99, "ISCROSSRIV": "0", "TRINO1": 1140, "TRINO2": "NULL", "TRINO3": "NULL", "DAMAREA": "NULL", "DISUMMARY": "NULL", "OBSITEMS": "0,1", "REPLACE_ST": "NULL", "OBSREMARKS": "NULL", "BASIN_NAME": "淡水河", "alert_level_1": null, "alert_level_2": null, "alert_level_3": null, "camera_sta": "粗坑壩", "camera_id": "119", "camera_sourceid": "1" }, "geometry": { "type": "Point", "coordinates": [ 121.546564219117627, 24.914929502731926 ] } },
{ "type": "Feature", "properties": { "ST_NO": "1140H110", "NAME_C": "介壽橋(1)", "ADDR_C": "新北市瑞芳鎮東和里", "ADMICODE": 4, "WR_DIST_NO": 10, "DEPTID": 10, "DRAINAGE_A": "NULL", "LEVEL0": "5094", "OBSERVE": "NULL", "RESERVOIR": "NULL", "REMARKS": null, "TM_X97": 331141.44, "TM_Y97": 2777844.07, "ISCROSSRIV": "1", "TRINO1": 1140, "TRINO2": "114030", "TRINO3": null, "DAMAREA": "NULL", "DISUMMARY": "員山子分洪道", "OBSITEMS": "0,1,2", "REPLACE_ST": "NULL", "OBSREMARKS": "NULL", "BASIN_NAME": "淡水河", "alert_level_1": 50.3, "alert_level_2": 47.3, "alert_level_3": null, "camera_sta": null, "camera_id": null, "camera_sourceid": null }, "geometry": { "type": "Point", "coordinates": [ 121.804537722408455, 25.106757817437561 ] } },
{ "type": "Feature", "properties": { "ST_NO": "1140H111", "NAME_C": "新海大橋(即時)", "ADDR_C": "環河路新海橋下游測堤防", "ADMICODE": 4, "WR_DIST_NO": 10, "DEPTID": 10, "DRAINAGE_A": "NULL", "LEVEL0": "NULL", "OBSERVE": "NULL", "RESERVOIR": "NULL", "REMARKS": "NULL", "TM_X97": 295896.0, "TM_Y97": 2769545.0, "ISCROSSRIV": "1", "TRINO1": 1140, "TRINO2": "114010", "TRINO3": "0", "DAMAREA": null, "DISUMMARY": null, "OBSITEMS": null, "REPLACE_ST": "NULL", "OBSREMARKS": "NULL", "BASIN_NAME": "淡水河", "alert_level_1": 10.2, "alert_level_2": 7.7, "alert_level_3": 2.8, "camera_sta": null, "camera_id": null, "camera_sourceid": null }, "geometry": { "type": "Point", "coordinates": [ 121.454805609972396, 25.033317871918868 ] } },
{ "type": "Feature", "properties": { "ST_NO": "1140H112", "NAME_C": "碧潭橋(即時)", "ADDR_C": "環河路碧潭橋上右岸下游", "ADMICODE": 4, "WR_DIST_NO": 10, "DEPTID": 10, "DRAINAGE_A": "NULL", "LEVEL0": "1815", "OBSERVE": "NULL", "RESERVOIR": "NULL", "REMARKS": "NULL", "TM_X97": 304180.0351, "TM_Y97": 2761627.733, "ISCROSSRIV": "1", "TRINO1": 1140, "TRINO2": "114020", "TRINO3": "0", "DAMAREA": null, "DISUMMARY": null, "OBSITEMS": null, "REPLACE_ST": "NULL", "OBSREMARKS": "NULL", "BASIN_NAME": "淡水河", "alert_level_1": 17.5, "alert_level_2": 15.8, "alert_level_3": null, "camera_sta": null, "camera_id": null, "camera_sourceid": null }, "geometry": { "type": "Point", "coordinates": [ 121.536582999542915, 24.961567000974661 ] } },
{ "type": "Feature", "properties": { "ST_NO": "1140H113", "NAME_C": "長安橋(即時)", "ADDR_C": "五堵抽水站旁", "ADMICODE": 4, "WR_DIST_NO": 10, "DEPTID": 10, "DRAINAGE_A": "NULL", "LEVEL0": "1200", "OBSERVE": "NULL", "RESERVOIR": "NULL", "REMARKS": "NULL", "TM_X97": 317506.3583, "TM_Y97": 2774753.495, "ISCROSSRIV": "1", "TRINO1": 1140, "TRINO2": "114030", "TRINO3": "0", "DAMAREA": null, "DISUMMARY": null, "OBSITEMS": null, "REPLACE_ST": "NULL", "OBSREMARKS": "NULL", "BASIN_NAME": "淡水河", "alert_level_1": 13.5, "alert_level_2": 10.5, "alert_level_3": null, "camera_sta": "五堵抽水站", "camera_id": "27", "camera_sourceid": "1" }, "geometry": { "type": "Point", "coordinates": [ 121.669198700379638, 25.079528996937558 ] } },
{ "type": "Feature", "properties": { "ST_NO": "1140H115", "NAME_C": "社后橋(即時)", "ADDR_C": "NULL", "ADMICODE": 4, "WR_DIST_NO": 10, "DEPTID": 10, "DRAINAGE_A": "NULL", "LEVEL0": "1359", "OBSERVE": "NULL", "RESERVOIR": "NULL", "REMARKS": "NULL", "TM_X97": 313941.7941, "TM_Y97": 2772934.977, "ISCROSSRIV": "1", "TRINO1": 1140, "TRINO2": "114030", "TRINO3": "0", "DAMAREA": null, "DISUMMARY": null, "OBSITEMS": null, "REPLACE_ST": "NULL", "OBSREMARKS": "NULL", "BASIN_NAME": "淡水河", "alert_level_1": 11.5, "alert_level_2": 8.5, "alert_level_3": null, "camera_sta": null, "camera_id": null, "camera_sourceid": null }, "geometry": { "type": "Point", "coordinates": [ 121.633780000010361, 25.063267003030127 ] } },
{ "type": "Feature", "properties": { "ST_NO": "1140H116", "NAME_C": "南湖大橋(即時)", "ADDR_C": "三重路南湖大橋下游段", "ADMICODE": 3, "WR_DIST_NO": 10, "DEPTID": 10, "DRAINAGE_A": "NULL", "LEVEL0": "1505", "OBSERVE": "NULL", "RESERVOIR": "NULL", "REMARKS": "NULL", "TM_X97": 311752.6869, "TM_Y97": 2772891.663, "ISCROSSRIV": "0", "TRINO1": 1140, "TRINO2": "114030", "TRINO3": "0", "DAMAREA": null, "DISUMMARY": null, "OBSITEMS": null, "REPLACE_ST": "NULL", "OBSREMARKS": "NULL", "BASIN_NAME": "淡水河", "alert_level_1": 11.6, "alert_level_2": 9.8, "alert_level_3": 6.4, "camera_sta": null, "camera_id": null, "camera_sourceid": null }, "geometry": { "type": "Point", "coordinates": [ 121.612080999960867, 25.062966997924892 ] } },
{ "type": "Feature", "properties": { "ST_NO": "1140H117", "NAME_C": "百齡橋(即時)", "ADDR_C": "大南路389號的堤防", "ADMICODE": 3, "WR_DIST_NO": 10, "DEPTID": 10, "DRAINAGE_A": "NULL", "LEVEL0": "998", "OBSERVE": "NULL", "RESERVOIR": "NULL", "REMARKS": "NULL", "TM_X97": 301985.4757, "TM_Y97": 2775786.183, "ISCROSSRIV": "1", "TRINO1": 1140, "TRINO2": "114030", "TRINO3": "0", "DAMAREA": null, "DISUMMARY": null, "OBSITEMS": null, "REPLACE_ST": "NULL", "OBSREMARKS": "NULL", "BASIN_NAME": "淡水河", "alert_level_1": 8.8, "alert_level_2": 7.0, "alert_level_3": null, "camera_sta": null, "camera_id": null, "camera_sourceid": null }, "geometry": { "type": "Point", "coordinates": [ 121.515382999851155, 25.089465996629706 ] } },
{ "type": "Feature", "properties": { "ST_NO": "1140H118", "NAME_C": "柑園橋(即時)", "ADDR_C": "佳園路二段柑園橋橋上下游測", "ADMICODE": 4, "WR_DIST_NO": 10, "DEPTID": 10, "DRAINAGE_A": "NULL", "LEVEL0": "3354", "OBSERVE": "NULL", "RESERVOIR": "NULL", "REMARKS": "NULL", "TM_X97": 289817.7962, "TM_Y97": 2762087.231, "ISCROSSRIV": "1", "TRINO1": 1140, "TRINO2": "114010", "TRINO3": "0", "DAMAREA": null, "DISUMMARY": null, "OBSITEMS": null, "REPLACE_ST": "NULL", "OBSREMARKS": "NULL", "BASIN_NAME": "淡水河", "alert_level_1": 21.3, "alert_level_2": 18.9, "alert_level_3": null, "camera_sta": null, "camera_id": null, "camera_sourceid": null }, "geometry": { "type": "Point", "coordinates": [ 121.394359999716116, 24.966159996140963 ] } },
{ "type": "Feature", "properties": { "ST_NO": "1140H119", "NAME_C": "深坑中正橋(即時)", "ADDR_C": "深坑中正橋上游側", "ADMICODE": 4, "WR_DIST_NO": 10, "DEPTID": 10, "DRAINAGE_A": "NULL", "LEVEL0": "3383", "OBSERVE": "NULL", "RESERVOIR": "NULL", "REMARKS": "NULL", "TM_X97": 311854.4405, "TM_Y97": 2766013.391, "ISCROSSRIV": "1", "TRINO1": 1140, "TRINO2": "114020", "TRINO3": "114023", "DAMAREA": null, "DISUMMARY": null, "OBSITEMS": null, "REPLACE_ST": "NULL", "OBSREMARKS": "NULL", "BASIN_NAME": "淡水河", "alert_level_1": 27.3, "alert_level_2": 25.6, "alert_level_3": null, "camera_sta": null, "camera_id": null, "camera_sourceid": null }, "geometry": { "type": "Point", "coordinates": [ 121.612781000123633, 25.0008670012955 ] } },
{ "type": "Feature", "properties": { "ST_NO": "1140H120", "NAME_C": "江北橋(即時)", "ADDR_C": "NULL", "ADMICODE": 4, "WR_DIST_NO": 10, "DEPTID": 10, "DRAINAGE_A": "NULL", "LEVEL0": "1385", "OBSERVE": "NULL", "RESERVOIR": "NULL", "REMARKS": "NULL", "TM_X97": 316118.3852, "TM_Y97": 2773499.2, "ISCROSSRIV": "1", "TRINO1": 1140, "TRINO2": "114030", "TRINO3": "0", "DAMAREA": null, "DISUMMARY": null, "OBSITEMS": null, "REPLACE_ST": "NULL", "OBSREMARKS": "NULL", "BASIN_NAME": "淡水河", "alert_level_1": 12.7, "alert_level_2": 9.7, "alert_level_3": null, "camera_sta": null, "camera_id": null, "camera_sourceid": null }, "geometry": { "type": "Point", "coordinates": [ 121.655379999839155, 25.068266997486099 ] } },
{ "type": "Feature", "properties": { "ST_NO": "1140H123", "NAME_C": "員山子", "ADDR_C": "瑞芳區瑞侯公路員山子分洪口", "ADMICODE": 4, "WR_DIST_NO": 10, "DEPTID": 10, "DRAINAGE_A": "NULL", "LEVEL0": "6800", "OBSERVE": "NULL", "RESERVOIR": "NULL", "REMARKS": "NULL", "TM_X97": 333488.0759, "TM_Y97": 2777904.689, "ISCROSSRIV": "1", "TRINO1": 1140, "TRINO2": "114030", "TRINO3": "0", "DAMAREA": null, "DISUMMARY": null, "OBSITEMS": null, "REPLACE_ST": "NULL", "OBSREMARKS": "NULL", "BASIN_NAME": "淡水河", "alert_level_1": null, "alert_level_2": null, "alert_level_3": null, "camera_sta": "員山子分洪", "camera_id": "38", "camera_sourceid": "1" }, "geometry": { "type": "Point", "coordinates": [ 121.827806999544379, 25.107176996070024 ] } },
{ "type": "Feature", "properties": { "ST_NO": "1140H124", "NAME_C": "甕仔潭橋(即時)", "ADDR_C": "柴寮路甕仔潭橋左岸", "ADMICODE": 4, "WR_DIST_NO": 10, "DEPTID": 10, "DRAINAGE_A": "NULL", "LEVEL0": "9172", "OBSERVE": "NULL", "RESERVOIR": "NULL", "REMARKS": "NULL", "TM_X97": 333899.9122, "TM_Y97": 2776199.291, "ISCROSSRIV": "1", "TRINO1": 1140, "TRINO2": "114030", "TRINO3": "0", "DAMAREA": null, "DISUMMARY": null, "OBSITEMS": null, "REPLACE_ST": "NULL", "OBSREMARKS": "NULL", "BASIN_NAME": "淡水河", "alert_level_1": null, "alert_level_2": null, "alert_level_3": null, "camera_sta": "猴硐國小", "camera_id": "912", "camera_sourceid": "1" }, "geometry": { "type": "Point", "coordinates": [ 121.831785999644666, 25.091758996947611 ] } },
{ "type": "Feature", "properties": { "ST_NO": "1140H125", "NAME_C": "廣興", "ADDR_C": "新北市新店區廣興里廣興護岸", "ADMICODE": 4, "WR_DIST_NO": 10, "DEPTID": 10, "DRAINAGE_A": "NULL", "LEVEL0": "4400", "OBSERVE": "NULL", "RESERVOIR": "NULL", "REMARKS": null, "TM_X97": 304359.57, "TM_Y97": 2756415.96, "ISCROSSRIV": "0", "TRINO1": 1140, "TRINO2": "114020", "TRINO3": null, "DAMAREA": "NULL", "DISUMMARY": null, "OBSITEMS": "0", "REPLACE_ST": "NULL", "OBSREMARKS": "NULL", "BASIN_NAME": "淡水河", "alert_level_1": 46.0, "alert_level_2": null, "alert_level_3": null, "camera_sta": "廣興", "camera_id": "121", "camera_sourceid": "21" }, "geometry": { "type": "Point", "coordinates": [ 121.538156586107789, 24.914508397303386 ] } },
{ "type": "Feature", "properties": { "ST_NO": "1140H126", "NAME_C": "加九寮景觀大橋", "ADDR_C": "新北市烏來區", "ADMICODE": 4, "WR_DIST_NO": 10, "DEPTID": 10, "DRAINAGE_A": "NULL", "LEVEL0": "NULL", "OBSERVE": "NULL", "RESERVOIR": "NULL", "REMARKS": null, "TM_X97": 304582.73, "TM_Y97": 2753102.96, "ISCROSSRIV": "1", "TRINO1": 1140, "TRINO2": "114020", "TRINO3": "114021", "DAMAREA": "NULL", "DISUMMARY": "桂山壩發電取水", "OBSITEMS": "0,4", "REPLACE_ST": "NULL", "OBSREMARKS": "NULL", "BASIN_NAME": "淡水河", "alert_level_1": 90.2, "alert_level_2": 88.0, "alert_level_3": null, "camera_sta": null, "camera_id": null, "camera_sourceid": null }, "geometry": { "type": "Point", "coordinates": [ 121.540235575974037, 24.88459030973884 ] } },
{ "type": "Feature", "properties": { "ST_NO": "1140H127", "NAME_C": "橫溪海山橋", "ADDR_C": "新北市三峽區成福路6巷30號", "ADMICODE": 4, "WR_DIST_NO": 10, "DEPTID": 10, "DRAINAGE_A": "NULL", "LEVEL0": "NULL", "OBSERVE": "NULL", "RESERVOIR": "NULL", "REMARKS": null, "TM_X97": 292022.55, "TM_Y97": 2757679.76, "ISCROSSRIV": "1", "TRINO1": 1140, "TRINO2": "114010", "TRINO3": "114010", "DAMAREA": "NULL", "DISUMMARY": null, "OBSITEMS": "0", "REPLACE_ST": "NULL", "OBSREMARKS": "NULL", "BASIN_NAME": "淡水河", "alert_level_1": 35.6, "alert_level_2": 34.3, "alert_level_3": null, "camera_sta": "三峽海山橋", "camera_id": "1014", "camera_sourceid": "1" }, "geometry": { "type": "Point", "coordinates": [ 121.416061996884721, 24.926308999268734 ] } },
{ "type": "Feature", "properties": { "ST_NO": "1140H130", "NAME_C": "柑城橋(即時)", "ADDR_C": null, "ADMICODE": 4, "WR_DIST_NO": 10, "DEPTID": 10, "DRAINAGE_A": "NULL", "LEVEL0": "NULL", "OBSERVE": "NULL", "RESERVOIR": "NULL", "REMARKS": null, "TM_X97": 291425.81, "TM_Y97": 2761431.73, "ISCROSSRIV": "1", "TRINO1": 1140, "TRINO2": null, "TRINO3": null, "DAMAREA": "NULL", "DISUMMARY": null, "OBSITEMS": "0", "REPLACE_ST": "NULL", "OBSREMARKS": "NULL", "BASIN_NAME": "淡水河", "alert_level_1": 17.6, "alert_level_2": 15.8, "alert_level_3": 14.0, "camera_sta": null, "camera_id": null, "camera_sourceid": null }, "geometry": { "type": "Point", "coordinates": [ 121.410266017177051, 24.96019897771869 ] } },
{ "type": "Feature", "properties": { "ST_NO": "1140H131", "NAME_C": "福山一號橋站", "ADDR_C": "新北市烏來區福山一號橋", "ADMICODE": 4, "WR_DIST_NO": 10, "DEPTID": 14, "DRAINAGE_A": "160.59", "LEVEL0": "35948", "OBSERVE": "NULL", "RESERVOIR": "NULL", "REMARKS": null, "TM_X97": 300900.71, "TM_Y97": 2741581.46, "ISCROSSRIV": "1", "TRINO1": 1140, "TRINO2": "114020", "TRINO3": "114021", "DAMAREA": "NULL", "DISUMMARY": null, "OBSITEMS": "0,3", "REPLACE_ST": "NULL", "OBSREMARKS": "NULL", "BASIN_NAME": "淡水河", "alert_level_1": null, "alert_level_2": null, "alert_level_3": null, "camera_sta": null, "camera_id": null, "camera_sourceid": null }, "geometry": { "type": "Point", "coordinates": [ 121.503372982429724, 24.780698947107449 ] } },
{ "type": "Feature", "properties": { "ST_NO": "1140H136", "NAME_C": "烏來橋站", "ADDR_C": "新北市新店區烏來橋", "ADMICODE": 4, "WR_DIST_NO": 10, "DEPTID": 14, "DRAINAGE_A": "84.19", "LEVEL0": "11838", "OBSERVE": "NULL", "RESERVOIR": "NULL", "REMARKS": null, "TM_X97": 305755.67, "TM_Y97": 2750872.06, "ISCROSSRIV": "1", "TRINO1": 1140, "TRINO2": "114020", "TRINO3": "114021", "DAMAREA": "NULL", "DISUMMARY": null, "OBSITEMS": "0,3", "REPLACE_ST": "NULL", "OBSREMARKS": "NULL", "BASIN_NAME": "淡水河", "alert_level_1": null, "alert_level_2": null, "alert_level_3": null, "camera_sta": "烏來福德宮", "camera_id": "141", "camera_sourceid": "1" }, "geometry": { "type": "Point", "coordinates": [ 121.551754954641822, 24.864407022564901 ] } },
{ "type": "Feature", "properties": { "ST_NO": "1140H137", "NAME_C": "友諒橋_基", "ADDR_C": "基隆市七堵區", "ADMICODE": 4, "WR_DIST_NO": 10, "DEPTID": 10, "DRAINAGE_A": "NULL", "LEVEL0": "NULL", "OBSERVE": "NULL", "RESERVOIR": "NULL", "REMARKS": "NULL", "TM_X97": 317520.98, "TM_Y97": 2776336.42, "ISCROSSRIV": "NULL", "TRINO1": 1140, "TRINO2": "NULL", "TRINO3": "NULL", "DAMAREA": "NULL", "DISUMMARY": "NULL", "OBSITEMS": "NULL", "REPLACE_ST": "NULL", "OBSREMARKS": "NULL", "BASIN_NAME": "淡水河", "alert_level_1": 15.7, "alert_level_2": 15.7, "alert_level_3": null, "camera_sta": null, "camera_id": null, "camera_sourceid": null }, "geometry": { "type": "Point", "coordinates": [ 121.669421371045047, 25.09381844962266 ] } },
{ "type": "Feature", "properties": { "ST_NO": "1140H138", "NAME_C": "得勝橋_基", "ADDR_C": "基隆市安樂區", "ADMICODE": 4, "WR_DIST_NO": 10, "DEPTID": 10, "DRAINAGE_A": "NULL", "LEVEL0": "NULL", "OBSERVE": "NULL", "RESERVOIR": "NULL", "REMARKS": "NULL", "TM_X97": 323079.21, "TM_Y97": 2779087.3, "ISCROSSRIV": "NULL", "TRINO1": 1140, "TRINO2": "NULL", "TRINO3": "NULL", "DAMAREA": "NULL", "DISUMMARY": "NULL", "OBSITEMS": "NULL", "REPLACE_ST": "NULL", "OBSREMARKS": "NULL", "BASIN_NAME": "淡水河", "alert_level_1": 21.2, "alert_level_2": 20.8, "alert_level_3": null, "camera_sta": null, "camera_id": null, "camera_sourceid": null }, "geometry": { "type": "Point", "coordinates": [ 121.724670185525241, 25.118393221876154 ] } },
{ "type": "Feature", "properties": { "ST_NO": "1140H139", "NAME_C": "水源橋_基", "ADDR_C": "基隆市暖暖區", "ADMICODE": 4, "WR_DIST_NO": 10, "DEPTID": 10, "DRAINAGE_A": "NULL", "LEVEL0": "NULL", "OBSERVE": "NULL", "RESERVOIR": "NULL", "REMARKS": "NULL", "TM_X97": 324221.41, "TM_Y97": 2777192.4, "ISCROSSRIV": "NULL", "TRINO1": 1140, "TRINO2": "NULL", "TRINO3": "NULL", "DAMAREA": "NULL", "DISUMMARY": "NULL", "OBSITEMS": "NULL", "REPLACE_ST": "NULL", "OBSREMARKS": "NULL", "BASIN_NAME": "淡水河", "alert_level_1": 25.2, "alert_level_2": 25.0, "alert_level_3": null, "camera_sta": null, "camera_id": null, "camera_sourceid": null }, "geometry": { "type": "Point", "coordinates": [ 121.735893358423169, 25.10123121448693 ] } },
{ "type": "Feature", "properties": { "ST_NO": "1140H140", "NAME_C": "大武崙工業區路口_基", "ADDR_C": "基隆市安樂區", "ADMICODE": 4, "WR_DIST_NO": 10, "DEPTID": 10, "DRAINAGE_A": "NULL", "LEVEL0": "NULL", "OBSERVE": "NULL", "RESERVOIR": "NULL", "REMARKS": "NULL", "TM_X97": 320565.06, "TM_Y97": 2782448.14, "ISCROSSRIV": "NULL", "TRINO1": 1140, "TRINO2": "NULL", "TRINO3": "NULL", "DAMAREA": "NULL", "DISUMMARY": "NULL", "OBSITEMS": "NULL", "REPLACE_ST": "NULL", "OBSREMARKS": "NULL", "BASIN_NAME": "淡水河", "alert_level_1": 42.3, "alert_level_2": 41.9, "alert_level_3": null, "camera_sta": null, "camera_id": null, "camera_sourceid": null }, "geometry": { "type": "Point", "coordinates": [ 121.699913706076018, 25.148853117973733 ] } },
{ "type": "Feature", "properties": { "ST_NO": "1140H142", "NAME_C": "觀音坑溪排水_新", "ADDR_C": "新北市五股區", "ADMICODE": 4, "WR_DIST_NO": 10, "DEPTID": 10, "DRAINAGE_A": "NULL", "LEVEL0": "NULL", "OBSERVE": "NULL", "RESERVOIR": "NULL", "REMARKS": "NULL", "TM_X97": 295518.14, "TM_Y97": 2777534.28, "ISCROSSRIV": "NULL", "TRINO1": 1140, "TRINO2": "NULL", "TRINO3": "NULL", "DAMAREA": "NULL", "DISUMMARY": "NULL", "OBSITEMS": "NULL", "REPLACE_ST": "NULL", "OBSREMARKS": "NULL", "BASIN_NAME": "淡水河", "alert_level_1": null, "alert_level_2": null, "alert_level_3": null, "camera_sta": null, "camera_id": null, "camera_sourceid": null }, "geometry": { "type": "Point", "coordinates": [ 121.451325545048164, 25.105456640524633 ] } },
{ "type": "Feature", "properties": { "ST_NO": "1140H143", "NAME_C": "竹圍捷運站_新", "ADDR_C": "新北市淡水區", "ADMICODE": 4, "WR_DIST_NO": 10, "DEPTID": 10, "DRAINAGE_A": "NULL", "LEVEL0": "NULL", "OBSERVE": "NULL", "RESERVOIR": "NULL", "REMARKS": "NULL", "TM_X97": 296315.87, "TM_Y97": 2781122.71, "ISCROSSRIV": "NULL", "TRINO1": 1140, "TRINO2": "NULL", "TRINO3": "NULL", "DAMAREA": "NULL", "DISUMMARY": "NULL", "OBSITEMS": "NULL", "REPLACE_ST": "NULL", "OBSREMARKS": "NULL", "BASIN_NAME": "淡水河", "alert_level_1": null, "alert_level_2": null, "alert_level_3": null, "camera_sta": null, "camera_id": null, "camera_sourceid": null }, "geometry": { "type": "Point", "coordinates": [ 121.459356173203332, 25.137828502485053 ] } },
{ "type": "Feature", "properties": { "ST_NO": "1140H144", "NAME_C": "庄子內溝排水_新", "ADDR_C": "新北市淡水區", "ADMICODE": 4, "WR_DIST_NO": 10, "DEPTID": 10, "DRAINAGE_A": "NULL", "LEVEL0": "NULL", "OBSERVE": "NULL", "RESERVOIR": "NULL", "REMARKS": "NULL", "TM_X97": 295620.37, "TM_Y97": 2784879.79, "ISCROSSRIV": "NULL", "TRINO1": 1140, "TRINO2": "NULL", "TRINO3": "NULL", "DAMAREA": "NULL", "DISUMMARY": "NULL", "OBSITEMS": "NULL", "REPLACE_ST": "NULL", "OBSREMARKS": "NULL", "BASIN_NAME": "淡水河", "alert_level_1": null, "alert_level_2": null, "alert_level_3": null, "camera_sta": null, "camera_id": null, "camera_sourceid": null }, "geometry": { "type": "Point", "coordinates": [ 121.452583557386674, 25.171768312607885 ] } },
{ "type": "Feature", "properties": { "ST_NO": "1140H146", "NAME_C": "集成橋_新", "ADDR_C": "新北市五股區", "ADMICODE": 4, "WR_DIST_NO": 10, "DEPTID": 10, "DRAINAGE_A": "NULL", "LEVEL0": "NULL", "OBSERVE": "NULL", "RESERVOIR": "NULL", "REMARKS": "NULL", "TM_X97": 295352.22, "TM_Y97": 2777337.21, "ISCROSSRIV": "NULL", "TRINO1": 1140, "TRINO2": "NULL", "TRINO3": "NULL", "DAMAREA": "NULL", "DISUMMARY": "NULL", "OBSITEMS": "NULL", "REPLACE_ST": "NULL", "OBSREMARKS": "NULL", "BASIN_NAME": "淡水河", "alert_level_1": null, "alert_level_2": null, "alert_level_3": null, "camera_sta": null, "camera_id": null, "camera_sourceid": null }, "geometry": { "type": "Point", "coordinates": [ 121.44967393382386, 25.103682494490656 ] } },
{ "type": "Feature", "properties": { "ST_NO": "1140H148", "NAME_C": "民義路_新", "ADDR_C": "新北市五股區", "ADMICODE": 4, "WR_DIST_NO": 10, "DEPTID": 10, "DRAINAGE_A": "NULL", "LEVEL0": "NULL", "OBSERVE": "NULL", "RESERVOIR": "NULL", "REMARKS": "NULL", "TM_X97": 293744.09, "TM_Y97": 2775614.81, "ISCROSSRIV": "NULL", "TRINO1": 1140, "TRINO2": "NULL", "TRINO3": "NULL", "DAMAREA": "NULL", "DISUMMARY": "NULL", "OBSITEMS": "NULL", "REPLACE_ST": "NULL", "OBSREMARKS": "NULL", "BASIN_NAME": "淡水河", "alert_level_1": null, "alert_level_2": null, "alert_level_3": null, "camera_sta": null, "camera_id": null, "camera_sourceid": null }, "geometry": { "type": "Point", "coordinates": [ 121.433674630746026, 25.088180141564518 ] } },
{ "type": "Feature", "properties": { "ST_NO": "1140H149", "NAME_C": "三峽區福德坑溪福德橋", "ADDR_C": "新北市三峽區", "ADMICODE": 4, "WR_DIST_NO": 10, "DEPTID": 10, "DRAINAGE_A": "NULL", "LEVEL0": "NULL", "OBSERVE": "NULL", "RESERVOIR": "NULL", "REMARKS": "NULL", "TM_X97": 286449.95, "TM_Y97": 2757203.18, "ISCROSSRIV": "NULL", "TRINO1": 1140, "TRINO2": "NULL", "TRINO3": "NULL", "DAMAREA": "NULL", "DISUMMARY": "NULL", "OBSITEMS": "NULL", "REPLACE_ST": "NULL", "OBSREMARKS": "NULL", "BASIN_NAME": "淡水河", "alert_level_1": null, "alert_level_2": null, "alert_level_3": null, "camera_sta": null, "camera_id": null, "camera_sourceid": null }, "geometry": { "type": "Point", "coordinates": [ 121.360876521938906, 24.922150061723617 ] } },
{ "type": "Feature", "properties": { "ST_NO": "1140H150", "NAME_C": "溝柑林三號橋_新", "ADDR_C": "新北市土城區", "ADMICODE": 4, "WR_DIST_NO": 10, "DEPTID": 10, "DRAINAGE_A": "NULL", "LEVEL0": "NULL", "OBSERVE": "NULL", "RESERVOIR": "NULL", "REMARKS": "NULL", "TM_X97": 296066.68, "TM_Y97": 2763755.11, "ISCROSSRIV": "NULL", "TRINO1": 1140, "TRINO2": "NULL", "TRINO3": "NULL", "DAMAREA": "NULL", "DISUMMARY": "NULL", "OBSITEMS": "NULL", "REPLACE_ST": "NULL", "OBSREMARKS": "NULL", "BASIN_NAME": "淡水河", "alert_level_1": null, "alert_level_2": null, "alert_level_3": null, "camera_sta": null, "camera_id": null, "camera_sourceid": null }, "geometry": { "type": "Point", "coordinates": [ 121.456303758705303, 24.981041060109614 ] } },
{ "type": "Feature", "properties": { "ST_NO": "1140H152", "NAME_C": "御史路1巷_新", "ADDR_C": "新北市五股區", "ADMICODE": 4, "WR_DIST_NO": 10, "DEPTID": 10, "DRAINAGE_A": "NULL", "LEVEL0": "NULL", "OBSERVE": "NULL", "RESERVOIR": "NULL", "REMARKS": "NULL", "TM_X97": 294484.33, "TM_Y97": 2775973.81, "ISCROSSRIV": "NULL", "TRINO1": 1140, "TRINO2": "NULL", "TRINO3": "NULL", "DAMAREA": "NULL", "DISUMMARY": "NULL", "OBSITEMS": "NULL", "REPLACE_ST": "NULL", "OBSREMARKS": "NULL", "BASIN_NAME": "淡水河", "alert_level_1": null, "alert_level_2": null, "alert_level_3": null, "camera_sta": null, "camera_id": null, "camera_sourceid": null }, "geometry": { "type": "Point", "coordinates": [ 121.441024744198359, 25.091399565558429 ] } },
{ "type": "Feature", "properties": { "ST_NO": "1140H153", "NAME_C": "瑞基", "ADDR_C": "新北市瑞芳區", "ADMICODE": 4, "WR_DIST_NO": 10, "DEPTID": 10, "DRAINAGE_A": "NULL", "LEVEL0": "NULL", "OBSERVE": "NULL", "RESERVOIR": "NULL", "REMARKS": "NULL", "TM_X97": 330545.39, "TM_Y97": 2779256.33, "ISCROSSRIV": "NULL", "TRINO1": 1140, "TRINO2": "NULL", "TRINO3": "NULL", "DAMAREA": "NULL", "DISUMMARY": "NULL", "OBSITEMS": "NULL", "REPLACE_ST": "NULL", "OBSREMARKS": "NULL", "BASIN_NAME": "淡水河", "alert_level_1": null, "alert_level_2": null, "alert_level_3": null, "camera_sta": null, "camera_id": null, "camera_sourceid": null }, "geometry": { "type": "Point", "coordinates": [ 121.798711036811454, 25.119538745780364 ] } },
{ "type": "Feature", "properties": { "ST_NO": "1140H154", "NAME_C": "孝深社區", "ADDR_C": "基隆市信義區", "ADMICODE": 4, "WR_DIST_NO": 10, "DEPTID": 10, "DRAINAGE_A": "NULL", "LEVEL0": "NULL", "OBSERVE": "NULL", "RESERVOIR": "NULL", "REMARKS": "NULL", "TM_X97": 329230.86, "TM_Y97": 2779946.69, "ISCROSSRIV": "NULL", "TRINO1": 1140, "TRINO2": "NULL", "TRINO3": "NULL", "DAMAREA": "NULL", "DISUMMARY": "NULL", "OBSITEMS": "NULL", "REPLACE_ST": "NULL", "OBSREMARKS": "NULL", "BASIN_NAME": "淡水河", "alert_level_1": null, "alert_level_2": null, "alert_level_3": null, "camera_sta": null, "camera_id": null, "camera_sourceid": null }, "geometry": { "type": "Point", "coordinates": [ 121.785716615495616, 25.125840543890565 ] } },
{ "type": "Feature", "properties": { "ST_NO": "1140H155", "NAME_C": "灣潭", "ADDR_C": "新北市新店區", "ADMICODE": 4, "WR_DIST_NO": 10, "DEPTID": 10, "DRAINAGE_A": "NULL", "LEVEL0": "NULL", "OBSERVE": "NULL", "RESERVOIR": "NULL", "REMARKS": "NULL", "TM_X97": 304445.26, "TM_Y97": 2760574.51, "ISCROSSRIV": "NULL", "TRINO1": 1140, "TRINO2": "NULL", "TRINO3": "NULL", "DAMAREA": "NULL", "DISUMMARY": "NULL", "OBSITEMS": "NULL", "REPLACE_ST": "NULL", "OBSREMARKS": "NULL", "BASIN_NAME": "淡水河", "alert_level_1": null, "alert_level_2": null, "alert_level_3": null, "camera_sta": null, "camera_id": null, "camera_sourceid": null }, "geometry": { "type": "Point", "coordinates": [ 121.539168201322795, 24.952048981656855 ] } },
{ "type": "Feature", "properties": { "ST_NO": "1140H156", "NAME_C": "成美長壽橋", "ADDR_C": "台北市南港區", "ADMICODE": 4, "WR_DIST_NO": 10, "DEPTID": 10, "DRAINAGE_A": "NULL", "LEVEL0": "NULL", "OBSERVE": "NULL", "RESERVOIR": "NULL", "REMARKS": "NULL", "TM_X97": 308631.66, "TM_Y97": 2771787.3, "ISCROSSRIV": "NULL", "TRINO1": 1140, "TRINO2": "NULL", "TRINO3": "NULL", "DAMAREA": "NULL", "DISUMMARY": "NULL", "OBSITEMS": "NULL", "REPLACE_ST": "NULL", "OBSREMARKS": "NULL", "BASIN_NAME": "淡水河", "alert_level_1": null, "alert_level_2": null, "alert_level_3": null, "camera_sta": "南港成美橋", "camera_id": "16", "camera_sourceid": "1" }, "geometry": { "type": "Point", "coordinates": [ 121.581100238649142, 25.053121269811754 ] } },
{ "type": "Feature", "properties": { "ST_NO": "1140H157", "NAME_C": "南靖橋", "ADDR_C": "新北市鶯歌區", "ADMICODE": 4, "WR_DIST_NO": 10, "DEPTID": 10, "DRAINAGE_A": "NULL", "LEVEL0": "NULL", "OBSERVE": "NULL", "RESERVOIR": "NULL", "REMARKS": "NULL", "TM_X97": 285767.19, "TM_Y97": 2760362.56, "ISCROSSRIV": "NULL", "TRINO1": 1140, "TRINO2": "NULL", "TRINO3": "NULL", "DAMAREA": "NULL", "DISUMMARY": "NULL", "OBSITEMS": "NULL", "REPLACE_ST": "NULL", "OBSREMARKS": "NULL", "BASIN_NAME": "淡水河", "alert_level_1": null, "alert_level_2": null, "alert_level_3": null, "camera_sta": null, "camera_id": null, "camera_sourceid": null }, "geometry": { "type": "Point", "coordinates": [ 121.354198414996148, 24.950690056878123 ] } },
{ "type": "Feature", "properties": { "ST_NO": "1140H158", "NAME_C": "武嶺橋", "ADDR_C": "桃園市大溪區", "ADMICODE": 4, "WR_DIST_NO": 10, "DEPTID": 10, "DRAINAGE_A": "NULL", "LEVEL0": "NULL", "OBSERVE": "NULL", "RESERVOIR": "NULL", "REMARKS": "NULL", "TM_X97": 278824.26, "TM_Y97": 2753415.79, "ISCROSSRIV": "NULL", "TRINO1": 1140, "TRINO2": "NULL", "TRINO3": "NULL", "DAMAREA": "NULL", "DISUMMARY": "NULL", "OBSITEMS": "NULL", "REPLACE_ST": "NULL", "OBSREMARKS": "NULL", "BASIN_NAME": "淡水河", "alert_level_1": null, "alert_level_2": null, "alert_level_3": null, "camera_sta": null, "camera_id": null, "camera_sourceid": null }, "geometry": { "type": "Point", "coordinates": [ 121.285299790962682, 24.888119661795297 ] } },
{ "type": "Feature", "properties": { "ST_NO": "1140H159", "NAME_C": "舊雙溪橋", "ADDR_C": "新北市石碇區", "ADMICODE": 4, "WR_DIST_NO": 10, "DEPTID": 10, "DRAINAGE_A": "NULL", "LEVEL0": "NULL", "OBSERVE": "NULL", "RESERVOIR": "NULL", "REMARKS": "NULL", "TM_X97": 315778.62, "TM_Y97": 2766772.44, "ISCROSSRIV": "NULL", "TRINO1": 1140, "TRINO2": "NULL", "TRINO3": "NULL", "DAMAREA": "NULL", "DISUMMARY": "NULL", "OBSITEMS": "NULL", "REPLACE_ST": "NULL", "OBSREMARKS": "NULL", "BASIN_NAME": "淡水河", "alert_level_1": null, "alert_level_2": null, "alert_level_3": null, "camera_sta": null, "camera_id": null, "camera_sourceid": null }, "geometry": { "type": "Point", "coordinates": [ 121.651691380242625, 25.007554319827868 ] } },
{ "type": "Feature", "properties": { "ST_NO": "1140H160", "NAME_C": "外按橋", "ADDR_C": "新北市石碇區", "ADMICODE": 4, "WR_DIST_NO": 10, "DEPTID": 10, "DRAINAGE_A": "NULL", "LEVEL0": "NULL", "OBSERVE": "NULL", "RESERVOIR": "NULL", "REMARKS": "NULL", "TM_X97": 315804.12, "TM_Y97": 2765977.78, "ISCROSSRIV": "NULL", "TRINO1": 1140, "TRINO2": "NULL", "TRINO3": "NULL", "DAMAREA": "NULL", "DISUMMARY": "NULL", "OBSITEMS": "NULL", "REPLACE_ST": "NULL", "OBSREMARKS": "NULL", "BASIN_NAME": "淡水河", "alert_level_1": null, "alert_level_2": null, "alert_level_3": null, "camera_sta": null, "camera_id": null, "camera_sourceid": null }, "geometry": { "type": "Point", "coordinates": [ 121.651906141991788, 25.00037918840146 ] } },
{ "type": "Feature", "properties": { "ST_NO": "1140H161", "NAME_C": "桂山壩", "ADDR_C": "新北市烏來區", "ADMICODE": 4, "WR_DIST_NO": 10, "DEPTID": 10, "DRAINAGE_A": "NULL", "LEVEL0": "NULL", "OBSERVE": "NULL", "RESERVOIR": "NULL", "REMARKS": "NULL", "TM_X97": 305319.31, "TM_Y97": 2751922.13, "ISCROSSRIV": "NULL", "TRINO1": 1140, "TRINO2": "NULL", "TRINO3": "NULL", "DAMAREA": "NULL", "DISUMMARY": "NULL", "OBSITEMS": "NULL", "REPLACE_ST": "NULL", "OBSREMARKS": "NULL", "BASIN_NAME": "淡水河", "alert_level_1": null, "alert_level_2": null, "alert_level_3": null, "camera_sta": "桂山壩", "camera_id": "117", "camera_sourceid": "1" }, "geometry": { "type": "Point", "coordinates": [ 121.547478673989048, 24.873903077721266 ] } },
{ "type": "Feature", "properties": { "ST_NO": "1140H163", "NAME_C": "重翠橋", "ADDR_C": "新北市板橋區", "ADMICODE": 4, "WR_DIST_NO": 10, "DEPTID": 10, "DRAINAGE_A": "NULL", "LEVEL0": "NULL", "OBSERVE": "NULL", "RESERVOIR": "NULL", "REMARKS": "NULL", "TM_X97": 298236.45, "TM_Y97": 2770432.61, "ISCROSSRIV": "NULL", "TRINO1": 1140, "TRINO2": "NULL", "TRINO3": "NULL", "DAMAREA": "NULL", "DISUMMARY": "NULL", "OBSITEMS": "NULL", "REPLACE_ST": "NULL", "OBSREMARKS": "NULL", "BASIN_NAME": "淡水河", "alert_level_1": null, "alert_level_2": null, "alert_level_3": null, "camera_sta": "板橋華江橋", "camera_id": "19", "camera_sourceid": "1" }, "geometry": { "type": "Point", "coordinates": [ 121.478028693659709, 25.041258451566982 ] } },
{ "type": "Feature", "properties": { "ST_NO": "1140H164", "NAME_C": "富裕橋", "ADDR_C": "新北市新莊區", "ADMICODE": 4, "WR_DIST_NO": 10, "DEPTID": 10, "DRAINAGE_A": "NULL", "LEVEL0": "NULL", "OBSERVE": "NULL", "RESERVOIR": "NULL", "REMARKS": "NULL", "TM_X97": 292327.3, "TM_Y97": 2768072.36, "ISCROSSRIV": "NULL", "TRINO1": 1140, "TRINO2": "NULL", "TRINO3": "NULL", "DAMAREA": "NULL", "DISUMMARY": "NULL", "OBSITEMS": "NULL", "REPLACE_ST": "NULL", "OBSREMARKS": "NULL", "BASIN_NAME": "淡水河", "alert_level_1": null, "alert_level_2": null, "alert_level_3": null, "camera_sta": null, "camera_id": null, "camera_sourceid": null }, "geometry": { "type": "Point", "coordinates": [ 121.41939722988333, 25.020126732777253 ] } },
{ "type": "Feature", "properties": { "ST_NO": "1140H165", "NAME_C": "民權橋", "ADDR_C": "新北市新莊區", "ADMICODE": 4, "WR_DIST_NO": 10, "DEPTID": 10, "DRAINAGE_A": "NULL", "LEVEL0": "NULL", "OBSERVE": "NULL", "RESERVOIR": "NULL", "REMARKS": "NULL", "TM_X97": 292722.96, "TM_Y97": 2768835.19, "ISCROSSRIV": "NULL", "TRINO1": 1140, "TRINO2": "NULL", "TRINO3": "NULL", "DAMAREA": "NULL", "DISUMMARY": "NULL", "OBSITEMS": "NULL", "REPLACE_ST": "NULL", "OBSREMARKS": "NULL", "BASIN_NAME": "淡水河", "alert_level_1": null, "alert_level_2": null, "alert_level_3": null, "camera_sta": null, "camera_id": null, "camera_sourceid": null }, "geometry": { "type": "Point", "coordinates": [ 121.423341139321209, 25.027002532895573 ] } },
{ "type": "Feature", "properties": { "ST_NO": "1140H166", "NAME_C": "龍校街", "ADDR_C": "桃園市龜山區", "ADMICODE": 4, "WR_DIST_NO": 10, "DEPTID": 10, "DRAINAGE_A": "NULL", "LEVEL0": "NULL", "OBSERVE": "NULL", "RESERVOIR": "NULL", "REMARKS": "NULL", "TM_X97": 289206.82, "TM_Y97": 2767173.43, "ISCROSSRIV": "NULL", "TRINO1": 1140, "TRINO2": "NULL", "TRINO3": "NULL", "DAMAREA": "NULL", "DISUMMARY": "NULL", "OBSITEMS": "NULL", "REPLACE_ST": "NULL", "OBSREMARKS": "NULL", "BASIN_NAME": "淡水河", "alert_level_1": null, "alert_level_2": null, "alert_level_3": null, "camera_sta": null, "camera_id": null, "camera_sourceid": null }, "geometry": { "type": "Point", "coordinates": [ 121.388453208623218, 25.012095056689404 ] } },
{ "type": "Feature", "properties": { "ST_NO": "1140H167", "NAME_C": "大武崙溪_基", "ADDR_C": "基隆市仁愛區", "ADMICODE": 4, "WR_DIST_NO": 10, "DEPTID": 10, "DRAINAGE_A": "NULL", "LEVEL0": "NULL", "OBSERVE": "NULL", "RESERVOIR": "NULL", "REMARKS": "NULL", "TM_X97": 321541.38, "TM_Y97": 2781691.24, "ISCROSSRIV": "NULL", "TRINO1": 1140, "TRINO2": "NULL", "TRINO3": "NULL", "DAMAREA": "NULL", "DISUMMARY": "NULL", "OBSITEMS": "NULL", "REPLACE_ST": "NULL", "OBSREMARKS": "NULL", "BASIN_NAME": "淡水河", "alert_level_1": null, "alert_level_2": 35.7, "alert_level_3": null, "camera_sta": null, "camera_id": null, "camera_sourceid": null }, "geometry": { "type": "Point", "coordinates": [ 121.709557443594804, 25.141974121144482 ] } },
{ "type": "Feature", "properties": { "ST_NO": "1140H168", "NAME_C": "瑪陵坑溪_基", "ADDR_C": "基隆市仁愛區", "ADMICODE": 4, "WR_DIST_NO": 10, "DEPTID": 10, "DRAINAGE_A": "NULL", "LEVEL0": "NULL", "OBSERVE": "NULL", "RESERVOIR": "NULL", "REMARKS": "NULL", "TM_X97": 319237.62, "TM_Y97": 2778341.61, "ISCROSSRIV": "NULL", "TRINO1": 1140, "TRINO2": "NULL", "TRINO3": "NULL", "DAMAREA": "NULL", "DISUMMARY": "NULL", "OBSITEMS": "NULL", "REPLACE_ST": "NULL", "OBSREMARKS": "NULL", "BASIN_NAME": "淡水河", "alert_level_1": null, "alert_level_2": 26.8, "alert_level_3": null, "camera_sta": null, "camera_id": null, "camera_sourceid": null }, "geometry": { "type": "Point", "coordinates": [ 121.686540712787391, 25.111842747690712 ] } },
{ "type": "Feature", "properties": { "ST_NO": "1140H169", "NAME_C": "石厝坑溪_基", "ADDR_C": "基隆市仁愛區", "ADMICODE": 4, "WR_DIST_NO": 10, "DEPTID": 10, "DRAINAGE_A": "NULL", "LEVEL0": "NULL", "OBSERVE": "NULL", "RESERVOIR": "NULL", "REMARKS": "NULL", "TM_X97": 321885.87, "TM_Y97": 2778042.07, "ISCROSSRIV": "NULL", "TRINO1": 1140, "TRINO2": "NULL", "TRINO3": "NULL", "DAMAREA": "NULL", "DISUMMARY": "NULL", "OBSITEMS": "NULL", "REPLACE_ST": "NULL", "OBSREMARKS": "NULL", "BASIN_NAME": "淡水河", "alert_level_1": null, "alert_level_2": 25.8, "alert_level_3": null, "camera_sta": null, "camera_id": null, "camera_sourceid": null }, "geometry": { "type": "Point", "coordinates": [ 121.712782757589139, 25.109014733061446 ] } },
{ "type": "Feature", "properties": { "ST_NO": "1140H170", "NAME_C": "MS1", "ADDR_C": "新北市瑞芳區", "ADMICODE": 4, "WR_DIST_NO": 10, "DEPTID": 10, "DRAINAGE_A": "NULL", "LEVEL0": "NULL", "OBSERVE": "NULL", "RESERVOIR": "NULL", "REMARKS": "NULL", "TM_X97": 333767.92, "TM_Y97": 2777792.96, "ISCROSSRIV": "NULL", "TRINO1": 1140, "TRINO2": "NULL", "TRINO3": "NULL", "DAMAREA": "NULL", "DISUMMARY": "NULL", "OBSITEMS": "NULL", "REPLACE_ST": "NULL", "OBSREMARKS": "NULL", "BASIN_NAME": "淡水河", "alert_level_1": null, "alert_level_2": null, "alert_level_3": null, "camera_sta": "員山子分洪", "camera_id": "38", "camera_sourceid": "1" }, "geometry": { "type": "Point", "coordinates": [ 121.830574686166585, 25.106152870818836 ] } },
{ "type": "Feature", "properties": { "ST_NO": "1140H171", "NAME_C": "MS2", "ADDR_C": "新北市瑞芳區", "ADMICODE": 4, "WR_DIST_NO": 10, "DEPTID": 10, "DRAINAGE_A": "NULL", "LEVEL0": "NULL", "OBSERVE": "NULL", "RESERVOIR": "NULL", "REMARKS": "NULL", "TM_X97": 333767.92, "TM_Y97": 2777729.38, "ISCROSSRIV": "NULL", "TRINO1": 1140, "TRINO2": "NULL", "TRINO3": "NULL", "DAMAREA": "NULL", "DISUMMARY": "NULL", "OBSITEMS": "NULL", "REPLACE_ST": "NULL", "OBSREMARKS": "NULL", "BASIN_NAME": "淡水河", "alert_level_1": null, "alert_level_2": null, "alert_level_3": null, "camera_sta": "員山子分洪", "camera_id": "38", "camera_sourceid": "1" }, "geometry": { "type": "Point", "coordinates": [ 121.830570808814031, 25.10557891501135 ] } },
{ "type": "Feature", "properties": { "ST_NO": "1140H172", "NAME_C": "MS3", "ADDR_C": "新北市瑞芳區", "ADMICODE": 4, "WR_DIST_NO": 10, "DEPTID": 10, "DRAINAGE_A": "NULL", "LEVEL0": "NULL", "OBSERVE": "NULL", "RESERVOIR": "NULL", "REMARKS": "NULL", "TM_X97": 333767.92, "TM_Y97": 2777665.8, "ISCROSSRIV": "NULL", "TRINO1": 1140, "TRINO2": "NULL", "TRINO3": "NULL", "DAMAREA": "NULL", "DISUMMARY": "NULL", "OBSITEMS": "NULL", "REPLACE_ST": "NULL", "OBSREMARKS": "NULL", "BASIN_NAME": "淡水河", "alert_level_1": null, "alert_level_2": null, "alert_level_3": null, "camera_sta": "員山子分洪", "camera_id": "38", "camera_sourceid": "1" }, "geometry": { "type": "Point", "coordinates": [ 121.830566931580549, 25.105004959158887 ] } },
{ "type": "Feature", "properties": { "ST_NO": "1140H173", "NAME_C": "承德橋_北", "ADDR_C": null, "ADMICODE": 4, "WR_DIST_NO": 10, "DEPTID": 10, "DRAINAGE_A": "NULL", "LEVEL0": "NULL", "OBSERVE": "NULL", "RESERVOIR": "NULL", "REMARKS": "NULL", "TM_X97": 302569.46, "TM_Y97": 2774541.54, "ISCROSSRIV": "NULL", "TRINO1": 1140, "TRINO2": "NULL", "TRINO3": "NULL", "DAMAREA": "NULL", "DISUMMARY": "NULL", "OBSITEMS": "NULL", "REPLACE_ST": "NULL", "OBSREMARKS": "NULL", "BASIN_NAME": "淡水河", "alert_level_1": null, "alert_level_2": null, "alert_level_3": null, "camera_sta": "圓山抽水站", "camera_id": "87", "camera_sourceid": "1" }, "geometry": { "type": "Point", "coordinates": [ 121.52112484152974, 25.078209254285213 ] } },
{ "type": "Feature", "properties": { "ST_NO": "1140H174", "NAME_C": "陽光橋_北", "ADDR_C": null, "ADMICODE": 4, "WR_DIST_NO": 10, "DEPTID": 10, "DRAINAGE_A": "NULL", "LEVEL0": "NULL", "OBSERVE": "NULL", "RESERVOIR": "NULL", "REMARKS": "NULL", "TM_X97": 307763.85, "TM_Y97": 2773818.64, "ISCROSSRIV": "NULL", "TRINO1": 1140, "TRINO2": "NULL", "TRINO3": "NULL", "DAMAREA": "NULL", "DISUMMARY": "NULL", "OBSITEMS": "NULL", "REPLACE_ST": "NULL", "OBSREMARKS": "NULL", "BASIN_NAME": "淡水河", "alert_level_1": null, "alert_level_2": null, "alert_level_3": null, "camera_sta": null, "camera_id": null, "camera_sourceid": null }, "geometry": { "type": "Point", "coordinates": [ 121.57258491452653, 25.071493310512661 ] } },
{ "type": "Feature", "properties": { "ST_NO": "1140H175", "NAME_C": "薇閣_北", "ADDR_C": null, "ADMICODE": 4, "WR_DIST_NO": 10, "DEPTID": 10, "DRAINAGE_A": "NULL", "LEVEL0": "NULL", "OBSERVE": "NULL", "RESERVOIR": "NULL", "REMARKS": "NULL", "TM_X97": 300546.71, "TM_Y97": 2780934.25, "ISCROSSRIV": "NULL", "TRINO1": 1140, "TRINO2": "NULL", "TRINO3": "NULL", "DAMAREA": "NULL", "DISUMMARY": "NULL", "OBSITEMS": "NULL", "REPLACE_ST": "NULL", "OBSREMARKS": "NULL", "BASIN_NAME": "淡水河", "alert_level_1": null, "alert_level_2": null, "alert_level_3": null, "camera_sta": null, "camera_id": null, "camera_sourceid": null }, "geometry": { "type": "Point", "coordinates": [ 121.501309059243212, 25.135991082781299 ] } },
{ "type": "Feature", "properties": { "ST_NO": "1140H176", "NAME_C": "永和橋_北", "ADDR_C": null, "ADMICODE": 4, "WR_DIST_NO": 10, "DEPTID": 10, "DRAINAGE_A": "NULL", "LEVEL0": "NULL", "OBSERVE": "NULL", "RESERVOIR": "NULL", "REMARKS": "NULL", "TM_X97": 300093.35, "TM_Y97": 2767043.88, "ISCROSSRIV": "NULL", "TRINO1": 1140, "TRINO2": "NULL", "TRINO3": "NULL", "DAMAREA": "NULL", "DISUMMARY": "NULL", "OBSITEMS": "NULL", "REPLACE_ST": "NULL", "OBSREMARKS": "NULL", "BASIN_NAME": "淡水河", "alert_level_1": null, "alert_level_2": null, "alert_level_3": null, "camera_sta": "中原水門", "camera_id": "140", "camera_sourceid": "1" }, "geometry": { "type": "Point", "coordinates": [ 121.496307190302915, 25.010604618096679 ] } },
{ "type": "Feature", "properties": { "ST_NO": "1140H177", "NAME_C": "婆婆橋_北", "ADDR_C": null, "ADMICODE": 4, "WR_DIST_NO": 10, "DEPTID": 10, "DRAINAGE_A": "NULL", "LEVEL0": "NULL", "OBSERVE": "NULL", "RESERVOIR": "NULL", "REMARKS": "NULL", "TM_X97": 305881.45, "TM_Y97": 2777751.15, "ISCROSSRIV": "NULL", "TRINO1": 1140, "TRINO2": "NULL", "TRINO3": "NULL", "DAMAREA": "NULL", "DISUMMARY": "NULL", "OBSITEMS": "NULL", "REPLACE_ST": "NULL", "OBSREMARKS": "NULL", "BASIN_NAME": "淡水河", "alert_level_1": null, "alert_level_2": null, "alert_level_3": null, "camera_sta": null, "camera_id": null, "camera_sourceid": null }, "geometry": { "type": "Point", "coordinates": [ 121.554086146689031, 25.107066216828851 ] } },
{ "type": "Feature", "properties": { "ST_NO": "1140H178", "NAME_C": "南深橋_北", "ADDR_C": null, "ADMICODE": 4, "WR_DIST_NO": 10, "DEPTID": 10, "DRAINAGE_A": "NULL", "LEVEL0": "NULL", "OBSERVE": "NULL", "RESERVOIR": "NULL", "REMARKS": "NULL", "TM_X97": 312173.31, "TM_Y97": 2771986.59, "ISCROSSRIV": "NULL", "TRINO1": 1140, "TRINO2": "NULL", "TRINO3": "NULL", "DAMAREA": "NULL", "DISUMMARY": "NULL", "OBSITEMS": "NULL", "REPLACE_ST": "NULL", "OBSREMARKS": "NULL", "BASIN_NAME": "淡水河", "alert_level_1": 9.3, "alert_level_2": 8.0, "alert_level_3": null, "camera_sta": "大坑溪", "camera_id": "22", "camera_sourceid": "1" }, "geometry": { "type": "Point", "coordinates": [ 121.616209082997614, 25.05477894850539 ] } },
{ "type": "Feature", "properties": { "ST_NO": "1140H179", "NAME_C": "磺溪橋_北", "ADDR_C": null, "ADMICODE": 4, "WR_DIST_NO": 10, "DEPTID": 10, "DRAINAGE_A": "NULL", "LEVEL0": "NULL", "OBSERVE": "NULL", "RESERVOIR": "NULL", "REMARKS": "NULL", "TM_X97": 302971.58, "TM_Y97": 2779112.35, "ISCROSSRIV": "NULL", "TRINO1": 1140, "TRINO2": "NULL", "TRINO3": "NULL", "DAMAREA": "NULL", "DISUMMARY": "NULL", "OBSITEMS": "NULL", "REPLACE_ST": "NULL", "OBSREMARKS": "NULL", "BASIN_NAME": "淡水河", "alert_level_1": null, "alert_level_2": null, "alert_level_3": null, "camera_sta": null, "camera_id": null, "camera_sourceid": null }, "geometry": { "type": "Point", "coordinates": [ 121.525287161914491, 25.119459936623297 ] } },
{ "type": "Feature", "properties": { "ST_NO": "1140H180", "NAME_C": "中和橋_北", "ADDR_C": null, "ADMICODE": 4, "WR_DIST_NO": 10, "DEPTID": 10, "DRAINAGE_A": "NULL", "LEVEL0": "NULL", "OBSERVE": "NULL", "RESERVOIR": "NULL", "REMARKS": "NULL", "TM_X97": 300616.91, "TM_Y97": 2781239.38, "ISCROSSRIV": "NULL", "TRINO1": 1140, "TRINO2": "NULL", "TRINO3": "NULL", "DAMAREA": "NULL", "DISUMMARY": "NULL", "OBSITEMS": "NULL", "REPLACE_ST": "NULL", "OBSREMARKS": "NULL", "BASIN_NAME": "淡水河", "alert_level_1": null, "alert_level_2": null, "alert_level_3": null, "camera_sta": null, "camera_id": null, "camera_sourceid": null }, "geometry": { "type": "Point", "coordinates": [ 121.502016526688976, 25.138743398956468 ] } },
{ "type": "Feature", "properties": { "ST_NO": "1140H181", "NAME_C": "望星橋_北", "ADDR_C": null, "ADMICODE": 4, "WR_DIST_NO": 10, "DEPTID": 10, "DRAINAGE_A": "NULL", "LEVEL0": "NULL", "OBSERVE": "NULL", "RESERVOIR": "NULL", "REMARKS": "NULL", "TM_X97": 304764.69, "TM_Y97": 2776985.3, "ISCROSSRIV": "NULL", "TRINO1": 1140, "TRINO2": "NULL", "TRINO3": "NULL", "DAMAREA": "NULL", "DISUMMARY": "NULL", "OBSITEMS": "NULL", "REPLACE_ST": "NULL", "OBSREMARKS": "NULL", "BASIN_NAME": "淡水河", "alert_level_1": null, "alert_level_2": null, "alert_level_3": null, "camera_sta": null, "camera_id": null, "camera_sourceid": null }, "geometry": { "type": "Point", "coordinates": [ 121.542982905736849, 25.100193195979276 ] } },
{ "type": "Feature", "properties": { "ST_NO": "1670H003", "NAME_C": "前州橋", "ADDR_C": "高雄巿岡山區協和里", "ADMICODE": 14, "WR_DIST_NO": 30, "DEPTID": 6, "DRAINAGE_A": "114.74", "LEVEL0": "1063.3", "OBSERVE": "1", "RESERVOIR": "1", "REMARKS": null, "TM_X97": 176048.0, "TM_Y97": 2522662.5, "ISCROSSRIV": "1", "TRINO1": 1670, "TRINO2": null, "TRINO3": null, "DAMAREA": "NULL", "DISUMMARY": "上游阿公店水庫", "OBSITEMS": "0,4", "REPLACE_ST": "NULL", "OBSREMARKS": "NULL", "BASIN_NAME": "阿公店溪", "alert_level_1": 5.3, "alert_level_2": 4.4, "alert_level_3": null, "camera_sta": "前州橋警報水位站", "camera_id": "162", "camera_sourceid": "21" }, "geometry": { "type": "Point", "coordinates": [ 120.279657381006089, 22.803120261209536 ] } },
{ "type": "Feature", "properties": { "ST_NO": "1670H004", "NAME_C": "聖森橋", "ADDR_C": "高雄市岡山區聖森橋", "ADMICODE": 14, "WR_DIST_NO": 30, "DEPTID": 6, "DRAINAGE_A": "NULL", "LEVEL0": "1248.2", "OBSERVE": "NULL", "RESERVOIR": "NULL", "REMARKS": null, "TM_X97": 179447.61, "TM_Y97": 2521000.54, "ISCROSSRIV": "1", "TRINO1": 1670, "TRINO2": null, "TRINO3": null, "DAMAREA": "NULL", "DISUMMARY": "上游阿公店水庫", "OBSITEMS": "0", "REPLACE_ST": "NULL", "OBSREMARKS": "NULL", "BASIN_NAME": "阿公店溪", "alert_level_1": 6.6, "alert_level_2": 5.7, "alert_level_3": null, "camera_sta": "新觀音橋警報水位站", "camera_id": "164", "camera_sourceid": "21" }, "geometry": { "type": "Point", "coordinates": [ 120.312845232199194, 22.78825839315315 ] } },
{ "type": "Feature", "properties": { "ST_NO": "1660H009", "NAME_C": "南雄橋(阿蓮(2))", "ADDR_C": "高雄巿阿蓮區阿蓮里", "ADMICODE": 14, "WR_DIST_NO": 30, "DEPTID": 6, "DRAINAGE_A": "175.1", "LEVEL0": "1813", "OBSERVE": "1", "RESERVOIR": "1", "REMARKS": null, "TM_X97": 182100.59, "TM_Y97": 2532185.92, "ISCROSSRIV": "1", "TRINO1": 1660, "TRINO2": null, "TRINO3": null, "DAMAREA": "NULL", "DISUMMARY": "上游水利會旗山溪引水及阿公店水庫滙入", "OBSITEMS": "0,1,2,4", "REPLACE_ST": "NULL", "OBSREMARKS": "NULL", "BASIN_NAME": "二仁溪", "alert_level_1": 13.5, "alert_level_2": 11.0, "alert_level_3": null, "camera_sta": null, "camera_id": null, "camera_sourceid": null }, "geometry": { "type": "Point", "coordinates": [ 120.338194532231427, 22.889375100113007 ] } },
{ "type": "Feature", "properties": { "ST_NO": "1660H010", "NAME_C": "崇德橋", "ADDR_C": "高雄巿田寮區西德里", "ADMICODE": 14, "WR_DIST_NO": 30, "DEPTID": 6, "DRAINAGE_A": "139.62", "LEVEL0": "1393", "OBSERVE": "1", "RESERVOIR": "2", "REMARKS": null, "TM_X97": 184549.0, "TM_Y97": 2530658.14, "ISCROSSRIV": "1", "TRINO1": 1660, "TRINO2": null, "TRINO3": null, "DAMAREA": "NULL", "DISUMMARY": "上游水利會旗山溪引水及阿公店水庫滙入", "OBSITEMS": "0,1,2", "REPLACE_ST": "NULL", "OBSREMARKS": "NULL", "BASIN_NAME": "二仁溪", "alert_level_1": 16.4, "alert_level_2": 14.4, "alert_level_3": null, "camera_sta": "田寮崇德橋", "camera_id": "25", "camera_sourceid": "1" }, "geometry": { "type": "Point", "coordinates": [ 120.362122122949927, 22.875676321956238 ] } },
{ "type": "Feature", "properties": { "ST_NO": "1660H011", "NAME_C": "39號二仁溪橋", "ADDR_C": "高雄巿阿蓮區中路里", "ADMICODE": 14, "WR_DIST_NO": 30, "DEPTID": 6, "DRAINAGE_A": "NULL", "LEVEL0": "1948", "OBSERVE": null, "RESERVOIR": null, "REMARKS": null, "TM_X97": 177990.2, "TM_Y97": 2533509.8, "ISCROSSRIV": "1", "TRINO1": 1660, "TRINO2": null, "TRINO3": null, "DAMAREA": "NULL", "DISUMMARY": "上游水利會旗山溪引水及阿公店水庫滙入", "OBSITEMS": "0", "REPLACE_ST": "NULL", "OBSREMARKS": "NULL", "BASIN_NAME": "二仁溪", "alert_level_1": 10.3, "alert_level_2": 8.7, "alert_level_3": null, "camera_sta": null, "camera_id": null, "camera_sourceid": null }, "geometry": { "type": "Point", "coordinates": [ 120.298071921257687, 22.901158155820735 ] } },
{ "type": "Feature", "properties": { "ST_NO": "1660H012", "NAME_C": "二層行橋", "ADDR_C": "台南市仁德區二仁路二層行橋", "ADMICODE": 6, "WR_DIST_NO": 30, "DEPTID": 6, "DRAINAGE_A": "NULL", "LEVEL0": "1481.3", "OBSERVE": "NULL", "RESERVOIR": "NULL", "REMARKS": null, "TM_X97": 170594.23, "TM_Y97": 2535148.88, "ISCROSSRIV": "1", "TRINO1": 1660, "TRINO2": null, "TRINO3": null, "DAMAREA": "NULL", "DISUMMARY": "上游水利會旗山溪引水及阿公店水庫滙入", "OBSITEMS": "0", "REPLACE_ST": "NULL", "OBSREMARKS": "NULL", "BASIN_NAME": "二仁溪", "alert_level_1": 7.1, "alert_level_2": 6.2, "alert_level_3": null, "camera_sta": "二仁溪左岸葉厝甲堤防18號水門", "camera_id": "3661", "camera_sourceid": "20" }, "geometry": { "type": "Point", "coordinates": [ 120.225899224909895, 22.915624308625219 ] } },
{ "type": "Feature", "properties": { "ST_NO": "1660H013", "NAME_C": "華醫大橋", "ADDR_C": "台南市仁德區華醫大橋", "ADMICODE": 6, "WR_DIST_NO": 30, "DEPTID": 6, "DRAINAGE_A": "NULL", "LEVEL0": "1019.5", "OBSERVE": "NULL", "RESERVOIR": "NULL", "REMARKS": null, "TM_X97": 172783.0, "TM_Y97": 2540087.0, "ISCROSSRIV": "1", "TRINO1": 1660, "TRINO2": "166010", "TRINO3": null, "DAMAREA": "NULL", "DISUMMARY": null, "OBSITEMS": "0", "REPLACE_ST": "NULL", "OBSREMARKS": "NULL", "BASIN_NAME": "二仁溪", "alert_level_1": null, "alert_level_2": null, "alert_level_3": null, "camera_sta": null, "camera_id": null, "camera_sourceid": null }, "geometry": { "type": "Point", "coordinates": [ 120.246988807811249, 22.960318200128661 ] } },
{ "type": "Feature", "properties": { "ST_NO": "2420H018", "NAME_C": "平林", "ADDR_C": "花蓮縣壽豐鄉溪口村", "ADMICODE": 9, "WR_DIST_NO": 40, "DEPTID": 9, "DRAINAGE_A": "213.64", "LEVEL0": "16569", "OBSERVE": "1", "RESERVOIR": "1", "REMARKS": null, "TM_X97": 296027.6, "TM_Y97": 2634248.72, "ISCROSSRIV": "1", "TRINO1": 2420, "TRINO2": "242040", "TRINO3": null, "DAMAREA": "NULL", "DISUMMARY": "平林圳、豐田圳", "OBSITEMS": "0,1,2", "REPLACE_ST": "NULL", "OBSREMARKS": "NULL", "BASIN_NAME": "花蓮溪", "alert_level_1": 161.4, "alert_level_2": 160.6, "alert_level_3": null, "camera_sta": "2號站壽豐溪", "camera_id": "1228", "camera_sourceid": "10" }, "geometry": { "type": "Point", "coordinates": [ 121.451739189788967, 23.811752091551458 ] } },
{ "type": "Feature", "properties": { "ST_NO": "2420H019", "NAME_C": "仁壽橋", "ADDR_C": "花蓮縣秀林鄉銅門村", "ADMICODE": 9, "WR_DIST_NO": 40, "DEPTID": 9, "DRAINAGE_A": "425.92", "LEVEL0": "13049", "OBSERVE": "1", "RESERVOIR": "1", "REMARKS": null, "TM_X97": 301516.19, "TM_Y97": 2650215.75, "ISCROSSRIV": "1", "TRINO1": 2420, "TRINO2": "242050", "TRINO3": null, "DAMAREA": "NULL", "DISUMMARY": "吉安圳", "OBSITEMS": "0,1,2", "REPLACE_ST": "NULL", "OBSREMARKS": "NULL", "BASIN_NAME": "花蓮溪", "alert_level_1": 124.9, "alert_level_2": 122.9, "alert_level_3": null, "camera_sta": null, "camera_id": null, "camera_sourceid": null }, "geometry": { "type": "Point", "coordinates": [ 121.506166082967397, 23.955757011027224 ] } },
{ "type": "Feature", "properties": { "ST_NO": "2420H024", "NAME_C": "花蓮大橋", "ADDR_C": "花蓮縣壽豐鄉鹽寮村", "ADMICODE": 9, "WR_DIST_NO": 40, "DEPTID": 9, "DRAINAGE_A": "1506", "LEVEL0": "1467", "OBSERVE": "1", "RESERVOIR": "1", "REMARKS": null, "TM_X97": 310906.44, "TM_Y97": 2646677.53, "ISCROSSRIV": "1", "TRINO1": 2420, "TRINO2": null, "TRINO3": null, "DAMAREA": "NULL", "DISUMMARY": null, "OBSITEMS": "0,1,2,4", "REPLACE_ST": "NULL", "OBSREMARKS": "NULL", "BASIN_NAME": "花蓮溪", "alert_level_1": 11.0, "alert_level_2": 8.7, "alert_level_3": null, "camera_sta": "壽豐花蓮大橋", "camera_id": "160", "camera_sourceid": "1" }, "geometry": { "type": "Point", "coordinates": [ 121.598277929468253, 23.923478021712913 ] } },
{ "type": "Feature", "properties": { "ST_NO": "2420H036", "NAME_C": "馬鞍溪橋", "ADDR_C": "花蓮縣光復鄉大同村", "ADMICODE": 9, "WR_DIST_NO": 40, "DEPTID": 9, "DRAINAGE_A": "136.46", "LEVEL0": "17512", "OBSERVE": "1", "RESERVOIR": "2", "REMARKS": null, "TM_X97": 291725.07, "TM_Y97": 2620600.61, "ISCROSSRIV": "1", "TRINO1": 2420, "TRINO2": "242020", "TRINO3": null, "DAMAREA": "NULL", "DISUMMARY": null, "OBSITEMS": "0,1,2", "REPLACE_ST": "NULL", "OBSREMARKS": "NULL", "BASIN_NAME": "花蓮溪", "alert_level_1": null, "alert_level_2": null, "alert_level_3": null, "camera_sta": "鋼便橋水位計3", "camera_id": "4150", "camera_sourceid": "21" }, "geometry": { "type": "Point", "coordinates": [ 121.409127544979384, 23.688632464962453 ] } },
{ "type": "Feature", "properties": { "ST_NO": "2420H037", "NAME_C": "萬里溪橋", "ADDR_C": "花蓮縣鳳林鎮長橋里", "ADMICODE": 9, "WR_DIST_NO": 40, "DEPTID": 9, "DRAINAGE_A": "242.18", "LEVEL0": "14646", "OBSERVE": "1", "RESERVOIR": "1", "REMARKS": null, "TM_X97": 293525.63, "TM_Y97": 2624093.03, "ISCROSSRIV": "1", "TRINO1": 2420, "TRINO2": "242030", "TRINO3": null, "DAMAREA": "NULL", "DISUMMARY": "林田圳、萬榮圳、長橋圳", "OBSITEMS": "0,1,2", "REPLACE_ST": "NULL", "OBSREMARKS": "NULL", "BASIN_NAME": "花蓮溪", "alert_level_1": 138.4, "alert_level_2": 137.4, "alert_level_3": null, "camera_sta": "鳳林一號護岸", "camera_id": "3868", "camera_sourceid": "20" }, "geometry": { "type": "Point", "coordinates": [ 121.426884803709328, 23.720120224880123 ] } },
{ "type": "Feature", "properties": { "ST_NO": "2420H043", "NAME_C": "箭瑛大橋", "ADDR_C": "花蓮縣鳳林鎮", "ADMICODE": 9, "WR_DIST_NO": 40, "DEPTID": 9, "DRAINAGE_A": "550.09", "LEVEL0": "9336", "OBSERVE": "1", "RESERVOIR": "1", "REMARKS": null, "TM_X97": 299883.36, "TM_Y97": 2625441.64, "ISCROSSRIV": "1", "TRINO1": 2420, "TRINO2": null, "TRINO3": null, "DAMAREA": "NULL", "DISUMMARY": null, "OBSITEMS": "0,1,2", "REPLACE_ST": "NULL", "OBSREMARKS": "NULL", "BASIN_NAME": "花蓮溪", "alert_level_1": 86.0, "alert_level_2": 84.8, "alert_level_3": null, "camera_sta": "箭瑛大橋", "camera_id": "1650", "camera_sourceid": "21" }, "geometry": { "type": "Point", "coordinates": [ 121.489283082352202, 23.732112963739077 ] } },
{ "type": "Feature", "properties": { "ST_NO": "2420H046", "NAME_C": "米棧大橋", "ADDR_C": "花蓮縣壽豐鄉豐坪村", "ADMICODE": 9, "WR_DIST_NO": 40, "DEPTID": 9, "DRAINAGE_A": "0", "LEVEL0": "5017", "OBSERVE": "NULL", "RESERVOIR": "NULL", "REMARKS": null, "TM_X97": 303766.8, "TM_Y97": 2637409.96, "ISCROSSRIV": "1", "TRINO1": 2420, "TRINO2": null, "TRINO3": null, "DAMAREA": "NULL", "DISUMMARY": null, "OBSITEMS": "0", "REPLACE_ST": "NULL", "OBSREMARKS": "NULL", "BASIN_NAME": "花蓮溪", "alert_level_1": 44.3, "alert_level_2": 42.7, "alert_level_3": null, "camera_sta": null, "camera_id": null, "camera_sourceid": null }, "geometry": { "type": "Point", "coordinates": [ 121.527808915905453, 23.840055037927005 ] } },
{ "type": "Feature", "properties": { "ST_NO": "1140H052", "NAME_C": "中正橋(即時)", "ADDR_C": "台北市古亭區上村里", "ADMICODE": 3, "WR_DIST_NO": 10, "DEPTID": 10, "DRAINAGE_A": "883.73", "LEVEL0": "100", "OBSERVE": "1", "RESERVOIR": "1", "REMARKS": "NULL", "TM_X97": 169621.83, "TM_Y97": 2546619.36, "ISCROSSRIV": "NULL", "TRINO1": 1140, "TRINO2": "NULL", "TRINO3": "NULL", "DAMAREA": "NULL", "DISUMMARY": "NULL", "OBSITEMS": "NULL", "REPLACE_ST": "NULL", "OBSREMARKS": "NULL", "BASIN_NAME": "鹽水溪", "alert_level_1": 10.5, "alert_level_2": 8.3, "alert_level_3": 5.4, "camera_sta": null, "camera_id": null, "camera_sourceid": null }, "geometry": { "type": "Point", "coordinates": [ 120.215823110893552, 23.019155401917605 ] } },
{ "type": "Feature", "properties": { "ST_NO": "1650H006", "NAME_C": "新市", "ADDR_C": "臺南巿永康區三民里(豐化橋)", "ADMICODE": 6, "WR_DIST_NO": 30, "DEPTID": 6, "DRAINAGE_A": "146.46", "LEVEL0": "1322", "OBSERVE": "1", "RESERVOIR": "1", "REMARKS": null, "TM_X97": 175901.45, "TM_Y97": 2550922.06, "ISCROSSRIV": "1", "TRINO1": 1650, "TRINO2": null, "TRINO3": null, "DAMAREA": "NULL", "DISUMMARY": null, "OBSITEMS": "0,1,2,4", "REPLACE_ST": "NULL", "OBSREMARKS": "NULL", "BASIN_NAME": "鹽水溪", "alert_level_1": 8.3, "alert_level_2": 7.3, "alert_level_3": null, "camera_sta": "永康豐化橋", "camera_id": "3", "camera_sourceid": "1" }, "geometry": { "type": "Point", "coordinates": [ 120.276876405979351, 23.058300298261003 ] } },
{ "type": "Feature", "properties": { "ST_NO": "1650H009", "NAME_C": "安順橋", "ADDR_C": "臺南巿安南區安和里", "ADMICODE": 6, "WR_DIST_NO": 30, "DEPTID": 6, "DRAINAGE_A": "NULL", "LEVEL0": "449.5", "OBSERVE": null, "RESERVOIR": null, "REMARKS": null, "TM_X97": 169417.59, "TM_Y97": 2547759.24, "ISCROSSRIV": "1", "TRINO1": 1650, "TRINO2": "165060", "TRINO3": null, "DAMAREA": "NULL", "DISUMMARY": null, "OBSITEMS": "0", "REPLACE_ST": "NULL", "OBSREMARKS": "NULL", "BASIN_NAME": "鹽水溪", "alert_level_1": null, "alert_level_2": null, "alert_level_3": null, "camera_sta": null, "camera_id": null, "camera_sourceid": null }, "geometry": { "type": "Point", "coordinates": [ 120.213770985555101, 23.02943846942744 ] } },
{ "type": "Feature", "properties": { "ST_NO": "1650H011", "NAME_C": "仁愛橋", "ADDR_C": "臺南巿安南區東和里", "ADMICODE": 6, "WR_DIST_NO": 30, "DEPTID": 6, "DRAINAGE_A": "NULL", "LEVEL0": "568", "OBSERVE": null, "RESERVOIR": null, "REMARKS": null, "TM_X97": 170581.65, "TM_Y97": 2551594.19, "ISCROSSRIV": "1", "TRINO1": 1650, "TRINO2": "165060", "TRINO3": "165062", "DAMAREA": "NULL", "DISUMMARY": null, "OBSITEMS": "0", "REPLACE_ST": "NULL", "OBSREMARKS": "NULL", "BASIN_NAME": "鹽水溪", "alert_level_1": null, "alert_level_2": null, "alert_level_3": null, "camera_sta": null, "camera_id": null, "camera_sourceid": null }, "geometry": { "type": "Point", "coordinates": [ 120.224929564295721, 23.064123528941323 ] } },
{ "type": "Feature", "properties": { "ST_NO": "1650H013", "NAME_C": "新灣橋", "ADDR_C": "臺南巿永康區西勢里", "ADMICODE": 6, "WR_DIST_NO": 30, "DEPTID": 6, "DRAINAGE_A": "NULL", "LEVEL0": "1686", "OBSERVE": "NULL", "RESERVOIR": "NULL", "REMARKS": null, "TM_X97": 176416.2, "TM_Y97": 2546780.7, "ISCROSSRIV": "1", "TRINO1": 1650, "TRINO2": "165020", "TRINO3": null, "DAMAREA": "NULL", "DISUMMARY": null, "OBSITEMS": "0", "REPLACE_ST": "NULL", "OBSREMARKS": "NULL", "BASIN_NAME": "鹽水溪", "alert_level_1": null, "alert_level_2": null, "alert_level_3": null, "camera_sta": "崙頂堤防31號水門", "camera_id": "3674", "camera_sourceid": "20" }, "geometry": { "type": "Point", "coordinates": [ 120.282097701451633, 23.020926801750285 ] } },
{ "type": "Feature", "properties": { "ST_NO": "1650H014", "NAME_C": "鹽水溪27號電塔", "ADDR_C": "臺南市永康區", "ADMICODE": 6, "WR_DIST_NO": 30, "DEPTID": 6, "DRAINAGE_A": "NULL", "LEVEL0": "1212.6", "OBSERVE": "NULL", "RESERVOIR": "NULL", "REMARKS": null, "TM_X97": 170356.85, "TM_Y97": 2548640.53, "ISCROSSRIV": "0", "TRINO1": 1650, "TRINO2": null, "TRINO3": null, "DAMAREA": "NULL", "DISUMMARY": null, "OBSITEMS": "0", "REPLACE_ST": "NULL", "OBSREMARKS": "NULL", "BASIN_NAME": "鹽水溪", "alert_level_1": null, "alert_level_2": null, "alert_level_3": null, "camera_sta": "安順寮排水出口", "camera_id": "96", "camera_sourceid": "1" }, "geometry": { "type": "Point", "coordinates": [ 120.222888901921664, 23.03744166586041 ] } },
{ "type": "Feature", "properties": { "ST_NO": "1650H015", "NAME_C": "鹽水溪排水郡安路三段", "ADDR_C": "臺南市安南區", "ADMICODE": 6, "WR_DIST_NO": 30, "DEPTID": 6, "DRAINAGE_A": "NULL", "LEVEL0": "393.7", "OBSERVE": "NULL", "RESERVOIR": "NULL", "REMARKS": null, "TM_X97": 170251.62, "TM_Y97": 2548679.16, "ISCROSSRIV": "0", "TRINO1": 1650, "TRINO2": "165060", "TRINO3": null, "DAMAREA": "NULL", "DISUMMARY": null, "OBSITEMS": "0", "REPLACE_ST": "NULL", "OBSREMARKS": "NULL", "BASIN_NAME": "鹽水溪", "alert_level_1": null, "alert_level_2": null, "alert_level_3": null, "camera_sta": "安順寮排水出口", "camera_id": "96", "camera_sourceid": "1" }, "geometry": { "type": "Point", "coordinates": [ 120.221860199145823, 23.037785442155716 ] } },
{ "type": "Feature", "properties": { "ST_NO": "1650H016", "NAME_C": "許縣溪橋", "ADDR_C": "臺南巿關廟區下湖里(許縣溪橋)", "ADMICODE": 6, "WR_DIST_NO": 30, "DEPTID": 6, "DRAINAGE_A": "NULL", "LEVEL0": "3515.5", "OBSERVE": "NULL", "RESERVOIR": "NULL", "REMARKS": null, "TM_X97": 180806.61, "TM_Y97": 2541293.64, "ISCROSSRIV": "1", "TRINO1": 1650, "TRINO2": "165020", "TRINO3": null, "DAMAREA": "NULL", "DISUMMARY": null, "OBSITEMS": "0", "REPLACE_ST": "NULL", "OBSREMARKS": "NULL", "BASIN_NAME": "鹽水溪", "alert_level_1": 29.4, "alert_level_2": 28.1, "alert_level_3": null, "camera_sta": null, "camera_id": null, "camera_sourceid": null }, "geometry": { "type": "Point", "coordinates": [ 120.325175613769176, 22.971566516049112 ] } },
{ "type": "Feature", "properties": { "ST_NO": "1650H017", "NAME_C": "溪頂寮橋", "ADDR_C": "臺南巿安南區溪北里(溪頂寮橋)", "ADMICODE": 6, "WR_DIST_NO": 30, "DEPTID": 6, "DRAINAGE_A": "0", "LEVEL0": "810", "OBSERVE": "NULL", "RESERVOIR": "NULL", "REMARKS": null, "TM_X97": 169652.8, "TM_Y97": 2547107.41, "ISCROSSRIV": "1", "TRINO1": 1650, "TRINO2": null, "TRINO3": null, "DAMAREA": "NULL", "DISUMMARY": null, "OBSITEMS": "0", "REPLACE_ST": "NULL", "OBSREMARKS": "永安橋遷至本站", "BASIN_NAME": "鹽水溪", "alert_level_1": 6.3, "alert_level_2": 3.9, "alert_level_3": null, "camera_sta": null, "camera_id": null, "camera_sourceid": null }, "geometry": { "type": "Point", "coordinates": [ 120.21609975911008, 23.023563923200804 ] } },
{ "type": "Feature", "properties": { "ST_NO": "1650H018", "NAME_C": "曾文溪排水橋", "ADDR_C": "臺南巿安南區佃西里台江大道三段(曾文溪排水橋)", "ADMICODE": 6, "WR_DIST_NO": 30, "DEPTID": 6, "DRAINAGE_A": "20", "LEVEL0": "870", "OBSERVE": "NULL", "RESERVOIR": "NULL", "REMARKS": null, "TM_X97": 164537.82, "TM_Y97": 2551406.67, "ISCROSSRIV": "1", "TRINO1": 1650, "TRINO2": "165060", "TRINO3": "165061", "DAMAREA": "NULL", "DISUMMARY": null, "OBSITEMS": "0", "REPLACE_ST": "NULL", "OBSREMARKS": "NULL", "BASIN_NAME": "鹽水溪", "alert_level_1": null, "alert_level_2": null, "alert_level_3": null, "camera_sta": "曾文溪排水護岸6K+100", "camera_id": "3665", "camera_sourceid": "20" }, "geometry": { "type": "Point", "coordinates": [ 120.165960882028358, 23.062130036319967 ] } },
{ "type": "Feature", "properties": { "ST_NO": "1650H019", "NAME_C": "開運橋", "ADDR_C": "臺南巿永康區王行里王行東路(開運橋)", "ADMICODE": 6, "WR_DIST_NO": 30, "DEPTID": 6, "DRAINAGE_A": "343", "LEVEL0": "1499.6", "OBSERVE": "NULL", "RESERVOIR": "NULL", "REMARKS": null, "TM_X97": 176838.45, "TM_Y97": 2548213.96, "ISCROSSRIV": "1", "TRINO1": 1650, "TRINO2": null, "TRINO3": null, "DAMAREA": "NULL", "DISUMMARY": null, "OBSITEMS": "0", "REPLACE_ST": "NULL", "OBSREMARKS": "NULL", "BASIN_NAME": "鹽水溪", "alert_level_1": 11.1, "alert_level_2": 9.0, "alert_level_3": null, "camera_sta": "崙頂堤防28號水門", "camera_id": "3671", "camera_sourceid": "20" }, "geometry": { "type": "Point", "coordinates": [ 120.286148883908439, 23.033887772209482 ] } },
{ "type": "Feature", "properties": { "ST_NO": "1630H005", "NAME_C": "玉田", "ADDR_C": "臺南巿玉井區玉田里(玉井橋)", "ADMICODE": 6, "WR_DIST_NO": 30, "DEPTID": 6, "DRAINAGE_A": "160.53", "LEVEL0": "5687", "OBSERVE": "1", "RESERVOIR": "2", "REMARKS": "NULL", "TM_X97": 194518.88, "TM_Y97": 2557433.28, "ISCROSSRIV": "1", "TRINO1": 1630, "TRINO2": "163010", "TRINO3": "NULL", "DAMAREA": "玉峰攔河堰", "DISUMMARY": "上游南化水庫", "OBSITEMS": "0,1,2", "REPLACE_ST": "NULL", "OBSREMARKS": "NULL", "BASIN_NAME": "曾文溪", "alert_level_1": 45.1, "alert_level_2": 44.0, "alert_level_3": null, "camera_sta": null, "camera_id": null, "camera_sourceid": null }, "geometry": { "type": "Point", "coordinates": [ 120.458319963665971, 23.117824799400051 ] } },
{ "type": "Feature", "properties": { "ST_NO": "1630H013", "NAME_C": "左鎮", "ADDR_C": "臺南巿左鎮區光和里(平和橋)", "ADMICODE": 6, "WR_DIST_NO": 30, "DEPTID": 6, "DRAINAGE_A": "121.31", "LEVEL0": "3007", "OBSERVE": "1", "RESERVOIR": "1", "REMARKS": "NULL", "TM_X97": 186552.22, "TM_Y97": 2551816.14, "ISCROSSRIV": "1", "TRINO1": 1630, "TRINO2": "163020", "TRINO3": "NULL", "DAMAREA": "玉峰攔河堰", "DISUMMARY": "上游鏡面水庫", "OBSITEMS": "0,1,2", "REPLACE_ST": "NULL", "OBSREMARKS": "NULL", "BASIN_NAME": "曾文溪", "alert_level_1": 25.8, "alert_level_2": 24.1, "alert_level_3": null, "camera_sta": "左鎮平和橋", "camera_id": "13", "camera_sourceid": "1" }, "geometry": { "type": "Point", "coordinates": [ 120.380774652551679, 23.066815241107054 ] } },
{ "type": "Feature", "properties": { "ST_NO": "1630H018", "NAME_C": "二溪大橋", "ADDR_C": "臺南巿大內區內郭里", "ADMICODE": 6, "WR_DIST_NO": 30, "DEPTID": 6, "DRAINAGE_A": "825.05", "LEVEL0": "2785", "OBSERVE": "1", "RESERVOIR": "2", "REMARKS": null, "TM_X97": 186941.23, "TM_Y97": 2557218.68, "ISCROSSRIV": "1", "TRINO1": 1630, "TRINO2": null, "TRINO3": null, "DAMAREA": "玉峰攔河堰", "DISUMMARY": "上游曾文水庫", "OBSITEMS": "0,1,2", "REPLACE_ST": "NULL", "OBSREMARKS": "NULL", "BASIN_NAME": "曾文溪", "alert_level_1": 20.9, "alert_level_2": 19.4, "alert_level_3": null, "camera_sta": "曾文溪右岸尖山堤防56號水門", "camera_id": "1472", "camera_sourceid": "20" }, "geometry": { "type": "Point", "coordinates": [ 120.384348867634998, 23.115615596647093 ] } },
{ "type": "Feature", "properties": { "ST_NO": "1630H018", "NAME_C": "二溪大橋", "ADDR_C": "臺南巿大內區內郭里", "ADMICODE": 6, "WR_DIST_NO": 30, "DEPTID": 6, "DRAINAGE_A": "825.05", "LEVEL0": "2785", "OBSERVE": "1", "RESERVOIR": "2", "REMARKS": null, "TM_X97": 186941.23, "TM_Y97": 2557218.68, "ISCROSSRIV": "1", "TRINO1": 1630, "TRINO2": null, "TRINO3": null, "DAMAREA": "玉峰攔河堰", "DISUMMARY": "上游曾文水庫", "OBSITEMS": "0,1,2", "REPLACE_ST": "NULL", "OBSREMARKS": "NULL", "BASIN_NAME": "曾文溪", "alert_level_1": 20.9, "alert_level_2": 19.4, "alert_level_3": null, "camera_sta": "尖山堤防56號水門", "camera_id": "3647", "camera_sourceid": "20" }, "geometry": { "type": "Point", "coordinates": [ 120.384348867634998, 23.115615596647093 ] } },
{ "type": "Feature", "properties": { "ST_NO": "1630H018", "NAME_C": "二溪大橋", "ADDR_C": "臺南巿大內區內郭里", "ADMICODE": 6, "WR_DIST_NO": 30, "DEPTID": 6, "DRAINAGE_A": "825.05", "LEVEL0": "2785", "OBSERVE": "1", "RESERVOIR": "2", "REMARKS": null, "TM_X97": 186941.23, "TM_Y97": 2557218.68, "ISCROSSRIV": "1", "TRINO1": 1630, "TRINO2": null, "TRINO3": null, "DAMAREA": "玉峰攔河堰", "DISUMMARY": "上游曾文水庫", "OBSITEMS": "0,1,2", "REPLACE_ST": "NULL", "OBSREMARKS": "NULL", "BASIN_NAME": "曾文溪", "alert_level_1": 20.9, "alert_level_2": 19.4, "alert_level_3": null, "camera_sta": "曾文溪右岸尖山堤防56號水門", "camera_id": "1472", "camera_sourceid": "20" }, "geometry": { "type": "Point", "coordinates": [ 120.384348867634998, 23.115615596647093 ] } },
{ "type": "Feature", "properties": { "ST_NO": "1630H018", "NAME_C": "二溪大橋", "ADDR_C": "臺南巿大內區內郭里", "ADMICODE": 6, "WR_DIST_NO": 30, "DEPTID": 6, "DRAINAGE_A": "825.05", "LEVEL0": "2785", "OBSERVE": "1", "RESERVOIR": "2", "REMARKS": null, "TM_X97": 186941.23, "TM_Y97": 2557218.68, "ISCROSSRIV": "1", "TRINO1": 1630, "TRINO2": null, "TRINO3": null, "DAMAREA": "玉峰攔河堰", "DISUMMARY": "上游曾文水庫", "OBSITEMS": "0,1,2", "REPLACE_ST": "NULL", "OBSREMARKS": "NULL", "BASIN_NAME": "曾文溪", "alert_level_1": 20.9, "alert_level_2": 19.4, "alert_level_3": null, "camera_sta": "尖山堤防56號水門", "camera_id": "3647", "camera_sourceid": "20" }, "geometry": { "type": "Point", "coordinates": [ 120.384348867634998, 23.115615596647093 ] } },
{ "type": "Feature", "properties": { "ST_NO": "1630H020", "NAME_C": "玉豐大橋", "ADDR_C": "臺南巿玉井區豐里里", "ADMICODE": 6, "WR_DIST_NO": 30, "DEPTID": 6, "DRAINAGE_A": "629.73", "LEVEL0": "5059", "OBSERVE": "NULL", "RESERVOIR": "NULL", "REMARKS": null, "TM_X97": 193884.82, "TM_Y97": 2558046.14, "ISCROSSRIV": "1", "TRINO1": 1630, "TRINO2": null, "TRINO3": null, "DAMAREA": "玉峰攔河堰", "DISUMMARY": "上游曾文水庫", "OBSITEMS": "0,1,2", "REPLACE_ST": "NULL", "OBSREMARKS": "NULL", "BASIN_NAME": "曾文溪", "alert_level_1": 44.6, "alert_level_2": 42.8, "alert_level_3": null, "camera_sta": null, "camera_id": null, "camera_sourceid": null }, "geometry": { "type": "Point", "coordinates": [ 120.452107181701038, 23.123337662939928 ] } },
{ "type": "Feature", "properties": { "ST_NO": "1630H023", "NAME_C": "麻善大橋", "ADDR_C": "臺南巿麻豆區龍泉里", "ADMICODE": 6, "WR_DIST_NO": 30, "DEPTID": 6, "DRAINAGE_A": "NULL", "LEVEL0": "1604", "OBSERVE": null, "RESERVOIR": null, "REMARKS": null, "TM_X97": 174281.6, "TM_Y97": 2563467.7, "ISCROSSRIV": "1", "TRINO1": 1630, "TRINO2": null, "TRINO3": null, "DAMAREA": "曾文水庫", "DISUMMARY": "上游曾文水庫", "OBSITEMS": "0", "REPLACE_ST": "NULL", "OBSREMARKS": "NULL", "BASIN_NAME": "曾文溪", "alert_level_1": 11.6, "alert_level_2": 10.6, "alert_level_3": null, "camera_sta": null, "camera_id": null, "camera_sourceid": null }, "geometry": { "type": "Point", "coordinates": [ 120.260449000984465, 23.171512452482379 ] } },
{ "type": "Feature", "properties": { "ST_NO": "1630H024", "NAME_C": "北寮橋", "ADDR_C": "臺南巿南化區北寮里", "ADMICODE": 6, "WR_DIST_NO": 30, "DEPTID": 6, "DRAINAGE_A": "NULL", "LEVEL0": "8060", "OBSERVE": "NULL", "RESERVOIR": "NULL", "REMARKS": null, "TM_X97": 197625.0, "TM_Y97": 2552967.9999999995, "ISCROSSRIV": "1", "TRINO1": 1630, "TRINO2": "163010", "TRINO3": null, "DAMAREA": "南化水庫", "DISUMMARY": "上游南化水庫", "OBSITEMS": "0", "REPLACE_ST": "NULL", "OBSREMARKS": "NULL", "BASIN_NAME": "曾文溪", "alert_level_1": 74.7, "alert_level_2": 73.4, "alert_level_3": null, "camera_sta": null, "camera_id": null, "camera_sourceid": null }, "geometry": { "type": "Point", "coordinates": [ 120.488797645616486, 23.077603345679961 ] } },
{ "type": "Feature", "properties": { "ST_NO": "1630H025", "NAME_C": "新中(1)", "ADDR_C": "台南市善化區東昌里", "ADMICODE": 6, "WR_DIST_NO": 30, "DEPTID": 6, "DRAINAGE_A": "NULL", "LEVEL0": "2234.3", "OBSERVE": "NULL", "RESERVOIR": "NULL", "REMARKS": null, "TM_X97": 182200.44, "TM_Y97": 2561647.25, "ISCROSSRIV": "1", "TRINO1": 1630, "TRINO2": null, "TRINO3": null, "DAMAREA": "NULL", "DISUMMARY": "上游曾文水庫", "OBSITEMS": "0,1,2", "REPLACE_ST": "NULL", "OBSREMARKS": "取代曾文溪橋站", "BASIN_NAME": "曾文溪", "alert_level_1": 14.7, "alert_level_2": 13.7, "alert_level_3": null, "camera_sta": "日新護岸26號水門", "camera_id": "3648", "camera_sourceid": "20" }, "geometry": { "type": "Point", "coordinates": [ 120.337869892597723, 23.155418096256177 ] } },
{ "type": "Feature", "properties": { "ST_NO": "1630H025", "NAME_C": "新中(1)", "ADDR_C": "台南市善化區東昌里", "ADMICODE": 6, "WR_DIST_NO": 30, "DEPTID": 6, "DRAINAGE_A": "NULL", "LEVEL0": "2234.3", "OBSERVE": "NULL", "RESERVOIR": "NULL", "REMARKS": null, "TM_X97": 182200.44, "TM_Y97": 2561647.25, "ISCROSSRIV": "1", "TRINO1": 1630, "TRINO2": null, "TRINO3": null, "DAMAREA": "NULL", "DISUMMARY": "上游曾文水庫", "OBSITEMS": "0,1,2", "REPLACE_ST": "NULL", "OBSREMARKS": "取代曾文溪橋站", "BASIN_NAME": "曾文溪", "alert_level_1": 14.7, "alert_level_2": 13.7, "alert_level_3": null, "camera_sta": "曾文溪右岸日新護岸26號水門", "camera_id": "1469", "camera_sourceid": "20" }, "geometry": { "type": "Point", "coordinates": [ 120.337869892597723, 23.155418096256177 ] } },
{ "type": "Feature", "properties": { "ST_NO": "1630H025", "NAME_C": "新中(1)", "ADDR_C": "台南市善化區東昌里", "ADMICODE": 6, "WR_DIST_NO": 30, "DEPTID": 6, "DRAINAGE_A": "NULL", "LEVEL0": "2234.3", "OBSERVE": "NULL", "RESERVOIR": "NULL", "REMARKS": null, "TM_X97": 182200.44, "TM_Y97": 2561647.25, "ISCROSSRIV": "1", "TRINO1": 1630, "TRINO2": null, "TRINO3": null, "DAMAREA": "NULL", "DISUMMARY": "上游曾文水庫", "OBSITEMS": "0,1,2", "REPLACE_ST": "NULL", "OBSREMARKS": "取代曾文溪橋站", "BASIN_NAME": "曾文溪", "alert_level_1": 14.7, "alert_level_2": 13.7, "alert_level_3": null, "camera_sta": "日新護岸26號水門", "camera_id": "3648", "camera_sourceid": "20" }, "geometry": { "type": "Point", "coordinates": [ 120.337869892597723, 23.155418096256177 ] } },
{ "type": "Feature", "properties": { "ST_NO": "1630H025", "NAME_C": "新中(1)", "ADDR_C": "台南市善化區東昌里", "ADMICODE": 6, "WR_DIST_NO": 30, "DEPTID": 6, "DRAINAGE_A": "NULL", "LEVEL0": "2234.3", "OBSERVE": "NULL", "RESERVOIR": "NULL", "REMARKS": null, "TM_X97": 182200.44, "TM_Y97": 2561647.25, "ISCROSSRIV": "1", "TRINO1": 1630, "TRINO2": null, "TRINO3": null, "DAMAREA": "NULL", "DISUMMARY": "上游曾文水庫", "OBSITEMS": "0,1,2", "REPLACE_ST": "NULL", "OBSREMARKS": "取代曾文溪橋站", "BASIN_NAME": "曾文溪", "alert_level_1": 14.7, "alert_level_2": 13.7, "alert_level_3": null, "camera_sta": "曾文溪右岸日新護岸26號水門", "camera_id": "1469", "camera_sourceid": "20" }, "geometry": { "type": "Point", "coordinates": [ 120.337869892597723, 23.155418096256177 ] } },
{ "type": "Feature", "properties": { "ST_NO": "1630H026", "NAME_C": "中正橋", "ADDR_C": "台南市玉井區中正里", "ADMICODE": 6, "WR_DIST_NO": 30, "DEPTID": 13, "DRAINAGE_A": "1", "LEVEL0": "6220", "OBSERVE": "NULL", "RESERVOIR": "NULL", "REMARKS": null, "TM_X97": 195404.71, "TM_Y97": 2560012.95, "ISCROSSRIV": "1", "TRINO1": 1630, "TRINO2": null, "TRINO3": null, "DAMAREA": "NULL", "DISUMMARY": null, "OBSITEMS": "0", "REPLACE_ST": "NULL", "OBSREMARKS": "NULL", "BASIN_NAME": "曾文溪", "alert_level_1": null, "alert_level_2": null, "alert_level_3": null, "camera_sta": null, "camera_id": null, "camera_sourceid": null }, "geometry": { "type": "Point", "coordinates": [ 120.466876260306719, 23.141149181957449 ] } },
{ "type": "Feature", "properties": { "ST_NO": "1630H027", "NAME_C": "走馬瀨", "ADDR_C": "台南市大內區走馬瀨", "ADMICODE": 6, "WR_DIST_NO": 30, "DEPTID": 13, "DRAINAGE_A": "NULL", "LEVEL0": "4500", "OBSERVE": "NULL", "RESERVOIR": "NULL", "REMARKS": "NULL", "TM_X97": 191666.0, "TM_Y97": 2559654.0, "ISCROSSRIV": "1", "TRINO1": 1630, "TRINO2": "NULL", "TRINO3": "NULL", "DAMAREA": "NULL", "DISUMMARY": "NULL", "OBSITEMS": "0", "REPLACE_ST": "NULL", "OBSREMARKS": "NULL", "BASIN_NAME": "曾文溪", "alert_level_1": null, "alert_level_2": null, "alert_level_3": null, "camera_sta": null, "camera_id": null, "camera_sourceid": null }, "geometry": { "type": "Point", "coordinates": [ 120.430382750495696, 23.137780130361499 ] } },
{ "type": "Feature", "properties": { "ST_NO": "1630H028", "NAME_C": "玉峰橋", "ADDR_C": "台南市山上區玉峰里", "ADMICODE": 6, "WR_DIST_NO": 30, "DEPTID": 13, "DRAINAGE_A": "NULL", "LEVEL0": "2230", "OBSERVE": "NULL", "RESERVOIR": "NULL", "REMARKS": null, "TM_X97": 185452.13, "TM_Y97": 2555195.51, "ISCROSSRIV": "1", "TRINO1": 1630, "TRINO2": "163020", "TRINO3": null, "DAMAREA": "NULL", "DISUMMARY": null, "OBSITEMS": "0", "REPLACE_ST": "NULL", "OBSREMARKS": "NULL", "BASIN_NAME": "曾文溪", "alert_level_1": null, "alert_level_2": null, "alert_level_3": null, "camera_sta": null, "camera_id": null, "camera_sourceid": null }, "geometry": { "type": "Point", "coordinates": [ 120.369896505944709, 23.097288841244996 ] } },
{ "type": "Feature", "properties": { "ST_NO": "1630H029", "NAME_C": "北勢洲橋", "ADDR_C": "台南市大內區石子瀨", "ADMICODE": 6, "WR_DIST_NO": 30, "DEPTID": 13, "DRAINAGE_A": "NULL", "LEVEL0": "2260", "OBSERVE": "NULL", "RESERVOIR": "NULL", "REMARKS": "NULL", "TM_X97": 183121.17, "TM_Y97": 2557662.02, "ISCROSSRIV": "1", "TRINO1": 1630, "TRINO2": "NULL", "TRINO3": "NULL", "DAMAREA": "NULL", "DISUMMARY": "NULL", "OBSITEMS": "0", "REPLACE_ST": "NULL", "OBSREMARKS": "NULL", "BASIN_NAME": "曾文溪", "alert_level_1": null, "alert_level_2": null, "alert_level_3": null, "camera_sta": null, "camera_id": null, "camera_sourceid": null }, "geometry": { "type": "Point", "coordinates": [ 120.347035566241104, 23.119469034228008 ] } },
{ "type": "Feature", "properties": { "ST_NO": "1630H030", "NAME_C": "曾文溪橋", "ADDR_C": "台南市官田區渡仔頭", "ADMICODE": 6, "WR_DIST_NO": 30, "DEPTID": 13, "DRAINAGE_A": "NULL", "LEVEL0": "2000", "OBSERVE": "NULL", "RESERVOIR": "NULL", "REMARKS": "NULL", "TM_X97": 182200.44, "TM_Y97": 2561647.25, "ISCROSSRIV": "1", "TRINO1": 1630, "TRINO2": "NULL", "TRINO3": "NULL", "DAMAREA": "曾文水庫", "DISUMMARY": null, "OBSITEMS": "0", "REPLACE_ST": "NULL", "OBSREMARKS": "NULL", "BASIN_NAME": "曾文溪", "alert_level_1": null, "alert_level_2": null, "alert_level_3": null, "camera_sta": "日新護岸26號水門", "camera_id": "3648", "camera_sourceid": "20" }, "geometry": { "type": "Point", "coordinates": [ 120.337869892597723, 23.155418096256177 ] } },
{ "type": "Feature", "properties": { "ST_NO": "1630H030", "NAME_C": "曾文溪橋", "ADDR_C": "台南市官田區渡仔頭", "ADMICODE": 6, "WR_DIST_NO": 30, "DEPTID": 13, "DRAINAGE_A": "NULL", "LEVEL0": "2000", "OBSERVE": "NULL", "RESERVOIR": "NULL", "REMARKS": "NULL", "TM_X97": 182200.44, "TM_Y97": 2561647.25, "ISCROSSRIV": "1", "TRINO1": 1630, "TRINO2": "NULL", "TRINO3": "NULL", "DAMAREA": "曾文水庫", "DISUMMARY": null, "OBSITEMS": "0", "REPLACE_ST": "NULL", "OBSREMARKS": "NULL", "BASIN_NAME": "曾文溪", "alert_level_1": null, "alert_level_2": null, "alert_level_3": null, "camera_sta": "曾文溪右岸日新護岸26號水門", "camera_id": "1469", "camera_sourceid": "20" }, "geometry": { "type": "Point", "coordinates": [ 120.337869892597723, 23.155418096256177 ] } },
{ "type": "Feature", "properties": { "ST_NO": "1630H030", "NAME_C": "曾文溪橋", "ADDR_C": "台南市官田區渡仔頭", "ADMICODE": 6, "WR_DIST_NO": 30, "DEPTID": 13, "DRAINAGE_A": "NULL", "LEVEL0": "2000", "OBSERVE": "NULL", "RESERVOIR": "NULL", "REMARKS": "NULL", "TM_X97": 182200.44, "TM_Y97": 2561647.25, "ISCROSSRIV": "1", "TRINO1": 1630, "TRINO2": "NULL", "TRINO3": "NULL", "DAMAREA": "曾文水庫", "DISUMMARY": null, "OBSITEMS": "0", "REPLACE_ST": "NULL", "OBSREMARKS": "NULL", "BASIN_NAME": "曾文溪", "alert_level_1": null, "alert_level_2": null, "alert_level_3": null, "camera_sta": "日新護岸26號水門", "camera_id": "3648", "camera_sourceid": "20" }, "geometry": { "type": "Point", "coordinates": [ 120.337869892597723, 23.155418096256177 ] } },
{ "type": "Feature", "properties": { "ST_NO": "1630H030", "NAME_C": "曾文溪橋", "ADDR_C": "台南市官田區渡仔頭", "ADMICODE": 6, "WR_DIST_NO": 30, "DEPTID": 13, "DRAINAGE_A": "NULL", "LEVEL0": "2000", "OBSERVE": "NULL", "RESERVOIR": "NULL", "REMARKS": "NULL", "TM_X97": 182200.44, "TM_Y97": 2561647.25, "ISCROSSRIV": "1", "TRINO1": 1630, "TRINO2": "NULL", "TRINO3": "NULL", "DAMAREA": "曾文水庫", "DISUMMARY": null, "OBSITEMS": "0", "REPLACE_ST": "NULL", "OBSREMARKS": "NULL", "BASIN_NAME": "曾文溪", "alert_level_1": null, "alert_level_2": null, "alert_level_3": null, "camera_sta": "曾文溪右岸日新護岸26號水門", "camera_id": "1469", "camera_sourceid": "20" }, "geometry": { "type": "Point", "coordinates": [ 120.337869892597723, 23.155418096256177 ] } },
{ "type": "Feature", "properties": { "ST_NO": "1630H031", "NAME_C": "麻善橋", "ADDR_C": "台南市麻豆區磚井里", "ADMICODE": 6, "WR_DIST_NO": 30, "DEPTID": 13, "DRAINAGE_A": "NULL", "LEVEL0": "1630", "OBSERVE": "NULL", "RESERVOIR": "NULL", "REMARKS": "NULL", "TM_X97": 174281.6, "TM_Y97": 2563467.7, "ISCROSSRIV": "1", "TRINO1": 1630, "TRINO2": "NULL", "TRINO3": "NULL", "DAMAREA": "NULL", "DISUMMARY": "NULL", "OBSITEMS": "0", "REPLACE_ST": "NULL", "OBSREMARKS": "NULL", "BASIN_NAME": "曾文溪", "alert_level_1": null, "alert_level_2": null, "alert_level_3": null, "camera_sta": null, "camera_id": null, "camera_sourceid": null }, "geometry": { "type": "Point", "coordinates": [ 120.260449000984465, 23.171512452482379 ] } },
{ "type": "Feature", "properties": { "ST_NO": "1630H032", "NAME_C": "西港橋", "ADDR_C": "台南市麻豆區中港", "ADMICODE": 6, "WR_DIST_NO": 30, "DEPTID": 13, "DRAINAGE_A": "NULL", "LEVEL0": "1320", "OBSERVE": "NULL", "RESERVOIR": "NULL", "REMARKS": "NULL", "TM_X97": 168582.44, "TM_Y97": 2556428.52, "ISCROSSRIV": "1", "TRINO1": 1630, "TRINO2": "NULL", "TRINO3": "NULL", "DAMAREA": "曾文水庫", "DISUMMARY": null, "OBSITEMS": "0", "REPLACE_ST": "NULL", "OBSREMARKS": "NULL", "BASIN_NAME": "曾文溪", "alert_level_1": null, "alert_level_2": null, "alert_level_3": null, "camera_sta": "西港堤防3號水門", "camera_id": "3654", "camera_sourceid": "20" }, "geometry": { "type": "Point", "coordinates": [ 120.205163396907736, 23.107679517623424 ] } },
{ "type": "Feature", "properties": { "ST_NO": "1630H032", "NAME_C": "西港橋", "ADDR_C": "台南市麻豆區中港", "ADMICODE": 6, "WR_DIST_NO": 30, "DEPTID": 13, "DRAINAGE_A": "NULL", "LEVEL0": "1320", "OBSERVE": "NULL", "RESERVOIR": "NULL", "REMARKS": "NULL", "TM_X97": 168582.44, "TM_Y97": 2556428.52, "ISCROSSRIV": "1", "TRINO1": 1630, "TRINO2": "NULL", "TRINO3": "NULL", "DAMAREA": "曾文水庫", "DISUMMARY": null, "OBSITEMS": "0", "REPLACE_ST": "NULL", "OBSREMARKS": "NULL", "BASIN_NAME": "曾文溪", "alert_level_1": null, "alert_level_2": null, "alert_level_3": null, "camera_sta": "曾文溪右岸西港堤防3號水門", "camera_id": "1473", "camera_sourceid": "20" }, "geometry": { "type": "Point", "coordinates": [ 120.205163396907736, 23.107679517623424 ] } },
{ "type": "Feature", "properties": { "ST_NO": "1630H032", "NAME_C": "西港橋", "ADDR_C": "台南市麻豆區中港", "ADMICODE": 6, "WR_DIST_NO": 30, "DEPTID": 13, "DRAINAGE_A": "NULL", "LEVEL0": "1320", "OBSERVE": "NULL", "RESERVOIR": "NULL", "REMARKS": "NULL", "TM_X97": 168582.44, "TM_Y97": 2556428.52, "ISCROSSRIV": "1", "TRINO1": 1630, "TRINO2": "NULL", "TRINO3": "NULL", "DAMAREA": "曾文水庫", "DISUMMARY": null, "OBSITEMS": "0", "REPLACE_ST": "NULL", "OBSREMARKS": "NULL", "BASIN_NAME": "曾文溪", "alert_level_1": null, "alert_level_2": null, "alert_level_3": null, "camera_sta": "西港堤防3號水門", "camera_id": "3654", "camera_sourceid": "20" }, "geometry": { "type": "Point", "coordinates": [ 120.205163396907736, 23.107679517623424 ] } },
{ "type": "Feature", "properties": { "ST_NO": "1630H032", "NAME_C": "西港橋", "ADDR_C": "台南市麻豆區中港", "ADMICODE": 6, "WR_DIST_NO": 30, "DEPTID": 13, "DRAINAGE_A": "NULL", "LEVEL0": "1320", "OBSERVE": "NULL", "RESERVOIR": "NULL", "REMARKS": "NULL", "TM_X97": 168582.44, "TM_Y97": 2556428.52, "ISCROSSRIV": "1", "TRINO1": 1630, "TRINO2": "NULL", "TRINO3": "NULL", "DAMAREA": "曾文水庫", "DISUMMARY": null, "OBSITEMS": "0", "REPLACE_ST": "NULL", "OBSREMARKS": "NULL", "BASIN_NAME": "曾文溪", "alert_level_1": null, "alert_level_2": null, "alert_level_3": null, "camera_sta": "曾文溪右岸西港堤防3號水門", "camera_id": "1473", "camera_sourceid": "20" }, "geometry": { "type": "Point", "coordinates": [ 120.205163396907736, 23.107679517623424 ] } },
{ "type": "Feature", "properties": { "ST_NO": "1630H033", "NAME_C": "國姓橋", "ADDR_C": "台南市麻豆區永吉", "ADMICODE": 6, "WR_DIST_NO": 30, "DEPTID": 13, "DRAINAGE_A": "NULL", "LEVEL0": "950", "OBSERVE": "NULL", "RESERVOIR": "NULL", "REMARKS": "NULL", "TM_X97": 161305.0, "TM_Y97": 2554099.0, "ISCROSSRIV": "1", "TRINO1": 1630, "TRINO2": "NULL", "TRINO3": "NULL", "DAMAREA": "NULL", "DISUMMARY": "NULL", "OBSITEMS": "0", "REPLACE_ST": "NULL", "OBSREMARKS": "NULL", "BASIN_NAME": "曾文溪", "alert_level_1": null, "alert_level_2": null, "alert_level_3": null, "camera_sta": null, "camera_id": null, "camera_sourceid": null }, "geometry": { "type": "Point", "coordinates": [ 120.134258406395091, 23.086271126715658 ] } },
{ "type": "Feature", "properties": { "ST_NO": "1630H034", "NAME_C": "新美", "ADDR_C": "嘉義縣阿里山鄉茶山村", "ADMICODE": 21, "WR_DIST_NO": 30, "DEPTID": 13, "DRAINAGE_A": "NULL", "LEVEL0": "2690", "OBSERVE": "NULL", "RESERVOIR": "NULL", "REMARKS": "NULL", "TM_X97": 215980.38, "TM_Y97": 2578822.48, "ISCROSSRIV": "1", "TRINO1": 1630, "TRINO2": "NULL", "TRINO3": "NULL", "DAMAREA": "NULL", "DISUMMARY": "NULL", "OBSITEMS": "0", "REPLACE_ST": "NULL", "OBSREMARKS": "NULL", "BASIN_NAME": "曾文溪", "alert_level_1": null, "alert_level_2": null, "alert_level_3": null, "camera_sta": null, "camera_id": null, "camera_sourceid": null }, "geometry": { "type": "Point", "coordinates": [ 120.667374030716601, 23.311556777217618 ] } },
{ "type": "Feature", "properties": { "ST_NO": "1630H035", "NAME_C": "山美", "ADDR_C": "嘉義縣阿里山鄉山美村", "ADMICODE": 21, "WR_DIST_NO": 30, "DEPTID": 13, "DRAINAGE_A": "NULL", "LEVEL0": "NULL", "OBSERVE": "NULL", "RESERVOIR": "NULL", "REMARKS": "NULL", "TM_X97": 216798.87, "TM_Y97": 2586181.89, "ISCROSSRIV": "1", "TRINO1": 1630, "TRINO2": "NULL", "TRINO3": "NULL", "DAMAREA": "曾文水庫", "DISUMMARY": null, "OBSITEMS": "0", "REPLACE_ST": "NULL", "OBSREMARKS": "NULL", "BASIN_NAME": "曾文溪", "alert_level_1": null, "alert_level_2": null, "alert_level_3": null, "camera_sta": null, "camera_id": null, "camera_sourceid": null }, "geometry": { "type": "Point", "coordinates": [ 120.675215063512709, 23.378030467922908 ] } },
{ "type": "Feature", "properties": { "ST_NO": "1630H036", "NAME_C": "竹圍橋", "ADDR_C": "台南市玉井區竹圍橋", "ADMICODE": 6, "WR_DIST_NO": 30, "DEPTID": 6, "DRAINAGE_A": "NULL", "LEVEL0": "7514.9", "OBSERVE": "NULL", "RESERVOIR": "NULL", "REMARKS": null, "TM_X97": 196508.0, "TM_Y97": 2559323.0, "ISCROSSRIV": "1", "TRINO1": 1630, "TRINO2": "163050", "TRINO3": null, "DAMAREA": "NULL", "DISUMMARY": null, "OBSITEMS": "0", "REPLACE_ST": "NULL", "OBSREMARKS": "NULL", "BASIN_NAME": "曾文溪", "alert_level_1": 69.7, "alert_level_2": 69.1, "alert_level_3": null, "camera_sta": null, "camera_id": null, "camera_sourceid": null }, "geometry": { "type": "Point", "coordinates": [ 120.477673687170011, 23.134954858873328 ] } },
{ "type": "Feature", "properties": { "ST_NO": "1630H037", "NAME_C": "官田橋", "ADDR_C": "台南市官田區官田橋", "ADMICODE": 6, "WR_DIST_NO": 30, "DEPTID": 6, "DRAINAGE_A": "0", "LEVEL0": "2117.2", "OBSERVE": "NULL", "RESERVOIR": "NULL", "REMARKS": null, "TM_X97": 182236.0, "TM_Y97": 2564213.0, "ISCROSSRIV": "1", "TRINO1": 1630, "TRINO2": "163060", "TRINO3": null, "DAMAREA": "NULL", "DISUMMARY": null, "OBSITEMS": "0", "REPLACE_ST": "NULL", "OBSREMARKS": "NULL", "BASIN_NAME": "曾文溪", "alert_level_1": 15.2, "alert_level_2": 14.0, "alert_level_3": null, "camera_sta": null, "camera_id": null, "camera_sourceid": null }, "geometry": { "type": "Point", "coordinates": [ 120.338103274403394, 23.178588125394334 ] } },
{ "type": "Feature", "properties": { "ST_NO": "1630H040", "NAME_C": "新曾文溪渡槽", "ADDR_C": "台南市善化區嘉北里", "ADMICODE": 6, "WR_DIST_NO": 30, "DEPTID": 6, "DRAINAGE_A": "NULL", "LEVEL0": "2366.3", "OBSERVE": "NULL", "RESERVOIR": "NULL", "REMARKS": null, "TM_X97": 182322.0, "TM_Y97": 2561618.0, "ISCROSSRIV": "1", "TRINO1": 1630, "TRINO2": null, "TRINO3": null, "DAMAREA": "NULL", "DISUMMARY": "上游曾文水庫", "OBSITEMS": "0", "REPLACE_ST": "新中(1)", "OBSREMARKS": "臺南巿政府水利局辦理「山海圳綠道沿線打造歷史亮點與水文化營造工程」, 本站位於該工區內", "BASIN_NAME": "曾文溪", "alert_level_1": 15.2, "alert_level_2": 13.9, "alert_level_3": null, "camera_sta": "日新護岸26號水門", "camera_id": "3648", "camera_sourceid": "20" }, "geometry": { "type": "Point", "coordinates": [ 120.339058281487624, 23.155158953958875 ] } },
{ "type": "Feature", "properties": { "ST_NO": "1630H040", "NAME_C": "新曾文溪渡槽", "ADDR_C": "台南市善化區嘉北里", "ADMICODE": 6, "WR_DIST_NO": 30, "DEPTID": 6, "DRAINAGE_A": "NULL", "LEVEL0": "2366.3", "OBSERVE": "NULL", "RESERVOIR": "NULL", "REMARKS": null, "TM_X97": 182322.0, "TM_Y97": 2561618.0, "ISCROSSRIV": "1", "TRINO1": 1630, "TRINO2": null, "TRINO3": null, "DAMAREA": "NULL", "DISUMMARY": "上游曾文水庫", "OBSITEMS": "0", "REPLACE_ST": "新中(1)", "OBSREMARKS": "臺南巿政府水利局辦理「山海圳綠道沿線打造歷史亮點與水文化營造工程」, 本站位於該工區內", "BASIN_NAME": "曾文溪", "alert_level_1": 15.2, "alert_level_2": 13.9, "alert_level_3": null, "camera_sta": "曾文溪右岸日新護岸26號水門", "camera_id": "1469", "camera_sourceid": "20" }, "geometry": { "type": "Point", "coordinates": [ 120.339058281487624, 23.155158953958875 ] } },
{ "type": "Feature", "properties": { "ST_NO": "1630H040", "NAME_C": "新曾文溪渡槽", "ADDR_C": "台南市善化區嘉北里", "ADMICODE": 6, "WR_DIST_NO": 30, "DEPTID": 6, "DRAINAGE_A": "NULL", "LEVEL0": "2366.3", "OBSERVE": "NULL", "RESERVOIR": "NULL", "REMARKS": null, "TM_X97": 182322.0, "TM_Y97": 2561618.0, "ISCROSSRIV": "1", "TRINO1": 1630, "TRINO2": null, "TRINO3": null, "DAMAREA": "NULL", "DISUMMARY": "上游曾文水庫", "OBSITEMS": "0", "REPLACE_ST": "新中(1)", "OBSREMARKS": "臺南巿政府水利局辦理「山海圳綠道沿線打造歷史亮點與水文化營造工程」, 本站位於該工區內", "BASIN_NAME": "曾文溪", "alert_level_1": 15.2, "alert_level_2": 13.9, "alert_level_3": null, "camera_sta": "日新護岸26號水門", "camera_id": "3648", "camera_sourceid": "20" }, "geometry": { "type": "Point", "coordinates": [ 120.339058281487624, 23.155158953958875 ] } },
{ "type": "Feature", "properties": { "ST_NO": "1630H040", "NAME_C": "新曾文溪渡槽", "ADDR_C": "台南市善化區嘉北里", "ADMICODE": 6, "WR_DIST_NO": 30, "DEPTID": 6, "DRAINAGE_A": "NULL", "LEVEL0": "2366.3", "OBSERVE": "NULL", "RESERVOIR": "NULL", "REMARKS": null, "TM_X97": 182322.0, "TM_Y97": 2561618.0, "ISCROSSRIV": "1", "TRINO1": 1630, "TRINO2": null, "TRINO3": null, "DAMAREA": "NULL", "DISUMMARY": "上游曾文水庫", "OBSITEMS": "0", "REPLACE_ST": "新中(1)", "OBSREMARKS": "臺南巿政府水利局辦理「山海圳綠道沿線打造歷史亮點與水文化營造工程」, 本站位於該工區內", "BASIN_NAME": "曾文溪", "alert_level_1": 15.2, "alert_level_2": 13.9, "alert_level_3": null, "camera_sta": "曾文溪右岸日新護岸26號水門", "camera_id": "1469", "camera_sourceid": "20" }, "geometry": { "type": "Point", "coordinates": [ 120.339058281487624, 23.155158953958875 ] } },
{ "type": "Feature", "properties": { "ST_NO": "1350H001", "NAME_C": "打鹿坑", "ADDR_C": "苗栗縣公館鄉福德村", "ADMICODE": 12, "WR_DIST_NO": 20, "DEPTID": 2, "DRAINAGE_A": "247.28", "LEVEL0": "18592", "OBSERVE": "1", "RESERVOIR": "1", "REMARKS": "NULL", "TM_X97": 236003.29, "TM_Y97": 2706217.86, "ISCROSSRIV": "0", "TRINO1": 1350, "TRINO2": "NULL", "TRINO3": "NULL", "DAMAREA": null, "DISUMMARY": null, "OBSITEMS": "0,1,2", "REPLACE_ST": "NULL", "OBSREMARKS": "NULL", "BASIN_NAME": "後龍溪", "alert_level_1": 181.0, "alert_level_2": 178.0, "alert_level_3": 175.6, "camera_sta": null, "camera_id": null, "camera_sourceid": null }, "geometry": { "type": "Point", "coordinates": [ 120.861931344484219, 24.462189816584175 ] } },
{ "type": "Feature", "properties": { "ST_NO": "1350H012", "NAME_C": "北勢大橋左岸", "ADDR_C": "苗栗縣後龍鎮豐富里", "ADMICODE": 12, "WR_DIST_NO": 20, "DEPTID": 2, "DRAINAGE_A": "472.2", "LEVEL0": "1200", "OBSERVE": "1", "RESERVOIR": "1", "REMARKS": null, "TM_X97": 232329.23, "TM_Y97": 2720919.06, "ISCROSSRIV": "1", "TRINO1": 1350, "TRINO2": null, "TRINO3": null, "DAMAREA": "NULL", "DISUMMARY": "測站上游有明德水庫防汛期間會因水庫洩洪而放水", "OBSITEMS": "0,1,2,4", "REPLACE_ST": "NULL", "OBSREMARKS": "NULL", "BASIN_NAME": "後龍溪", "alert_level_1": 19.9, "alert_level_2": 19.0, "alert_level_3": 15.6, "camera_sta": null, "camera_id": null, "camera_sourceid": null }, "geometry": { "type": "Point", "coordinates": [ 120.825505843779055, 24.594888164861096 ] } },
{ "type": "Feature", "properties": { "ST_NO": "1350H016", "NAME_C": "中平", "ADDR_C": "苗栗縣銅鑼鄉中平村", "ADMICODE": 12, "WR_DIST_NO": 20, "DEPTID": 2, "DRAINAGE_A": "396.54", "LEVEL0": "NULL", "OBSERVE": "NULL", "RESERVOIR": "NULL", "REMARKS": "NULL", "TM_X97": 229204.01, "TM_Y97": 2709739.87, "ISCROSSRIV": "1", "TRINO1": 1350, "TRINO2": "NULL", "TRINO3": "NULL", "DAMAREA": null, "DISUMMARY": null, "OBSITEMS": "0", "REPLACE_ST": "NULL", "OBSREMARKS": "NULL", "BASIN_NAME": "後龍溪", "alert_level_1": null, "alert_level_2": null, "alert_level_3": null, "camera_sta": "後龍溪4號站", "camera_id": "1197", "camera_sourceid": "10" }, "geometry": { "type": "Point", "coordinates": [ 120.79480949406701, 24.493913741322906 ] } },
{ "type": "Feature", "properties": { "ST_NO": "1350H017", "NAME_C": "恭敬橋", "ADDR_C": "苗粟縣大湖鄉明湖村", "ADMICODE": 12, "WR_DIST_NO": 20, "DEPTID": 2, "DRAINAGE_A": "109.95", "LEVEL0": "25413", "OBSERVE": "NULL", "RESERVOIR": "NULL", "REMARKS": null, "TM_X97": 236350.1, "TM_Y97": 2702459.5, "ISCROSSRIV": "1", "TRINO1": 1350, "TRINO2": null, "TRINO3": null, "DAMAREA": "NULL", "DISUMMARY": null, "OBSITEMS": "0,1,2,4", "REPLACE_ST": "NULL", "OBSREMARKS": "NULL", "BASIN_NAME": "後龍溪", "alert_level_1": null, "alert_level_2": null, "alert_level_3": null, "camera_sta": null, "camera_id": null, "camera_sourceid": null }, "geometry": { "type": "Point", "coordinates": [ 120.865388442129969, 24.428258574551982 ] } },
{ "type": "Feature", "properties": { "ST_NO": "1350H018", "NAME_C": "社寮角橋", "ADDR_C": "苗栗縣大湖鄉靜湖村社寮角橋", "ADMICODE": 12, "WR_DIST_NO": 20, "DEPTID": 2, "DRAINAGE_A": "NULL", "LEVEL0": "29023", "OBSERVE": null, "RESERVOIR": null, "REMARKS": "NULL", "TM_X97": 237716.71, "TM_Y97": 2702478.53, "ISCROSSRIV": "1", "TRINO1": 1350, "TRINO2": "NULL", "TRINO3": "NULL", "DAMAREA": null, "DISUMMARY": null, "OBSITEMS": "0", "REPLACE_ST": "NULL", "OBSREMARKS": "NULL", "BASIN_NAME": "後龍溪", "alert_level_1": null, "alert_level_2": null, "alert_level_3": null, "camera_sta": null, "camera_id": null, "camera_sourceid": null }, "geometry": { "type": "Point", "coordinates": [ 120.878865384904955, 24.4284417861113 ] } },
{ "type": "Feature", "properties": { "ST_NO": "1350H019", "NAME_C": "玉清大橋", "ADDR_C": "苗栗縣苗栗市玉華里", "ADMICODE": 12, "WR_DIST_NO": 20, "DEPTID": 2, "DRAINAGE_A": "NULL", "LEVEL0": "5284", "OBSERVE": null, "RESERVOIR": null, "REMARKS": null, "TM_X97": 233663.9, "TM_Y97": 2717203.9, "ISCROSSRIV": "1", "TRINO1": 1350, "TRINO2": null, "TRINO3": null, "DAMAREA": "NULL", "DISUMMARY": null, "OBSITEMS": "0", "REPLACE_ST": "NULL", "OBSREMARKS": "NULL", "BASIN_NAME": "後龍溪", "alert_level_1": null, "alert_level_2": null, "alert_level_3": null, "camera_sta": null, "camera_id": null, "camera_sourceid": null }, "geometry": { "type": "Point", "coordinates": [ 120.838728262478753, 24.561359219502211 ] } },
{ "type": "Feature", "properties": { "ST_NO": "1350H020", "NAME_C": "彼岸橋", "ADDR_C": "苗栗縣大湖鄉富興村", "ADMICODE": 12, "WR_DIST_NO": 20, "DEPTID": 2, "DRAINAGE_A": "NULL", "LEVEL0": "23764", "OBSERVE": null, "RESERVOIR": null, "REMARKS": null, "TM_X97": 237172.27, "TM_Y97": 2705097.58, "ISCROSSRIV": "1", "TRINO1": 1350, "TRINO2": null, "TRINO3": null, "DAMAREA": "NULL", "DISUMMARY": null, "OBSITEMS": "0", "REPLACE_ST": "NULL", "OBSREMARKS": "NULL", "BASIN_NAME": "後龍溪", "alert_level_1": 229.9, "alert_level_2": 229.1, "alert_level_3": 228.7, "camera_sta": null, "camera_id": null, "camera_sourceid": null }, "geometry": { "type": "Point", "coordinates": [ 120.873472670243629, 24.452084885007288 ] } },
{ "type": "Feature", "properties": { "ST_NO": "1350H021", "NAME_C": "錦卦大橋", "ADDR_C": "苗栗縣泰安鄉錦水村", "ADMICODE": 12, "WR_DIST_NO": 20, "DEPTID": 2, "DRAINAGE_A": "NULL", "LEVEL0": "34166", "OBSERVE": null, "RESERVOIR": null, "REMARKS": "NULL", "TM_X97": 241252.17, "TM_Y97": 2705961.89, "ISCROSSRIV": "1", "TRINO1": 1350, "TRINO2": "NULL", "TRINO3": "NULL", "DAMAREA": null, "DISUMMARY": null, "OBSITEMS": "0", "REPLACE_ST": "NULL", "OBSREMARKS": "NULL", "BASIN_NAME": "後龍溪", "alert_level_1": null, "alert_level_2": null, "alert_level_3": null, "camera_sta": null, "camera_id": null, "camera_sourceid": null }, "geometry": { "type": "Point", "coordinates": [ 120.913709727142219, 24.45991708170812 ] } },
{ "type": "Feature", "properties": { "ST_NO": "1350H022", "NAME_C": "環湖橋", "ADDR_C": "苗栗縣大湖鄉南湖里環湖橋", "ADMICODE": 12, "WR_DIST_NO": 20, "DEPTID": 2, "DRAINAGE_A": "NULL", "LEVEL0": "26343", "OBSERVE": "NULL", "RESERVOIR": "NULL", "REMARKS": null, "TM_X97": 236079.8, "TM_Y97": 2701618.2, "ISCROSSRIV": "1", "TRINO1": 1350, "TRINO2": "135000", "TRINO3": null, "DAMAREA": "NULL", "DISUMMARY": null, "OBSITEMS": "0", "REPLACE_ST": "NULL", "OBSREMARKS": "NULL", "BASIN_NAME": "後龍溪", "alert_level_1": null, "alert_level_2": null, "alert_level_3": null, "camera_sta": null, "camera_id": null, "camera_sourceid": null }, "geometry": { "type": "Point", "coordinates": [ 120.862731042894708, 24.420660040708174 ] } },
{ "type": "Feature", "properties": { "ST_NO": "1350H023", "NAME_C": "大窩橋", "ADDR_C": "苗栗縣大湖鄉南湖里大窩橋", "ADMICODE": 12, "WR_DIST_NO": 20, "DEPTID": 2, "DRAINAGE_A": "NULL", "LEVEL0": "26541", "OBSERVE": "NULL", "RESERVOIR": "NULL", "REMARKS": null, "TM_X97": 236474.4, "TM_Y97": 2700622.1, "ISCROSSRIV": "1", "TRINO1": 1350, "TRINO2": "135000", "TRINO3": null, "DAMAREA": "NULL", "DISUMMARY": null, "OBSITEMS": "0", "REPLACE_ST": "NULL", "OBSREMARKS": "NULL", "BASIN_NAME": "後龍溪", "alert_level_1": null, "alert_level_2": null, "alert_level_3": null, "camera_sta": null, "camera_id": null, "camera_sourceid": null }, "geometry": { "type": "Point", "coordinates": [ 120.866631689234111, 24.411669672493144 ] } },
{ "type": "Feature", "properties": { "ST_NO": "1350H024", "NAME_C": "順義橋", "ADDR_C": "苗栗縣大湖鄉順義橋", "ADMICODE": 12, "WR_DIST_NO": 20, "DEPTID": 2, "DRAINAGE_A": "NULL", "LEVEL0": "26730", "OBSERVE": "NULL", "RESERVOIR": "NULL", "REMARKS": "NULL", "TM_X97": 236656.2, "TM_Y97": 2699204.2, "ISCROSSRIV": "1", "TRINO1": 1350, "TRINO2": "135000", "TRINO3": "NULL", "DAMAREA": null, "DISUMMARY": null, "OBSITEMS": "0", "REPLACE_ST": "NULL", "OBSREMARKS": "NULL", "BASIN_NAME": "後龍溪", "alert_level_1": null, "alert_level_2": null, "alert_level_3": null, "camera_sta": "大湖南湖二橋", "camera_id": "72", "camera_sourceid": "1" }, "geometry": { "type": "Point", "coordinates": [ 120.868437577477195, 24.398868916702977 ] } },
{ "type": "Feature", "properties": { "ST_NO": "1350H025", "NAME_C": "後龍溪橋", "ADDR_C": "苗栗縣後龍鎮後龍溪橋", "ADMICODE": 12, "WR_DIST_NO": 20, "DEPTID": 2, "DRAINAGE_A": "NULL", "LEVEL0": "1413", "OBSERVE": "NULL", "RESERVOIR": "NULL", "REMARKS": "NULL", "TM_X97": 228127.2, "TM_Y97": 2722445.6, "ISCROSSRIV": "1", "TRINO1": 1350, "TRINO2": "NULL", "TRINO3": "NULL", "DAMAREA": null, "DISUMMARY": null, "OBSITEMS": "0", "REPLACE_ST": "NULL", "OBSREMARKS": "NULL", "BASIN_NAME": "後龍溪", "alert_level_1": null, "alert_level_2": null, "alert_level_3": null, "camera_sta": null, "camera_id": null, "camera_sourceid": null }, "geometry": { "type": "Point", "coordinates": [ 120.783988464536208, 24.608617179977706 ] } },
{ "type": "Feature", "properties": { "ST_NO": "1350H026", "NAME_C": "老田寮橋", "ADDR_C": "苗栗縣頭屋鄉尖豐公路老田寮橋", "ADMICODE": 12, "WR_DIST_NO": 20, "DEPTID": 2, "DRAINAGE_A": "NULL", "LEVEL0": "4430.4", "OBSERVE": "NULL", "RESERVOIR": "NULL", "REMARKS": "NULL", "TM_X97": 237968.8, "TM_Y97": 2719885.3, "ISCROSSRIV": "1", "TRINO1": 1350, "TRINO2": "135070", "TRINO3": "NULL", "DAMAREA": null, "DISUMMARY": null, "OBSITEMS": "0", "REPLACE_ST": "NULL", "OBSREMARKS": "NULL", "BASIN_NAME": "後龍溪", "alert_level_1": null, "alert_level_2": null, "alert_level_3": null, "camera_sta": null, "camera_id": null, "camera_sourceid": null }, "geometry": { "type": "Point", "coordinates": [ 120.881203789750344, 24.585608735652123 ] } },
{ "type": "Feature", "properties": { "ST_NO": "1350H027", "NAME_C": "泰隆橋", "ADDR_C": "苗栗縣銅鑼鄉泰隆橋", "ADMICODE": 12, "WR_DIST_NO": 20, "DEPTID": 2, "DRAINAGE_A": "NULL", "LEVEL0": "15782.6", "OBSERVE": "NULL", "RESERVOIR": "NULL", "REMARKS": "NULL", "TM_X97": 231262.9, "TM_Y97": 2705338.3, "ISCROSSRIV": "0", "TRINO1": 1350, "TRINO2": "135050", "TRINO3": "NULL", "DAMAREA": null, "DISUMMARY": null, "OBSITEMS": "0", "REPLACE_ST": "NULL", "OBSREMARKS": "NULL", "BASIN_NAME": "後龍溪", "alert_level_1": null, "alert_level_2": null, "alert_level_3": null, "camera_sta": null, "camera_id": null, "camera_sourceid": null }, "geometry": { "type": "Point", "coordinates": [ 120.81518216155564, 24.454198338215775 ] } },
{ "type": "Feature", "properties": { "ST_NO": "1350H028", "NAME_C": "弘文橋", "ADDR_C": "苗栗縣獅潭鄉弘文橋", "ADMICODE": 12, "WR_DIST_NO": 20, "DEPTID": 2, "DRAINAGE_A": "NULL", "LEVEL0": "24129.9", "OBSERVE": "NULL", "RESERVOIR": "NULL", "REMARKS": "NULL", "TM_X97": 238427.2, "TM_Y97": 2706719.89, "ISCROSSRIV": "1", "TRINO1": 1350, "TRINO2": null, "TRINO3": "NULL", "DAMAREA": null, "DISUMMARY": null, "OBSITEMS": "0", "REPLACE_ST": "NULL", "OBSREMARKS": "NULL", "BASIN_NAME": "後龍溪", "alert_level_1": null, "alert_level_2": null, "alert_level_3": null, "camera_sta": null, "camera_id": null, "camera_sourceid": null }, "geometry": { "type": "Point", "coordinates": [ 120.885837549871539, 24.466742597960341 ] } },
{ "type": "Feature", "properties": { "ST_NO": "1350H029", "NAME_C": "出礦坑橋", "ADDR_C": "苗栗縣公館鄉出礦坑橋", "ADMICODE": 12, "WR_DIST_NO": 20, "DEPTID": 2, "DRAINAGE_A": "NULL", "LEVEL0": "18814", "OBSERVE": "NULL", "RESERVOIR": "NULL", "REMARKS": null, "TM_X97": 235121.7, "TM_Y97": 2706280.2, "ISCROSSRIV": "1", "TRINO1": 1350, "TRINO2": null, "TRINO3": null, "DAMAREA": "NULL", "DISUMMARY": null, "OBSITEMS": "0,4", "REPLACE_ST": "NULL", "OBSREMARKS": "NULL", "BASIN_NAME": "後龍溪", "alert_level_1": null, "alert_level_2": null, "alert_level_3": null, "camera_sta": null, "camera_id": null, "camera_sourceid": null }, "geometry": { "type": "Point", "coordinates": [ 120.85323438840814, 24.462744491443519 ] } },
{ "type": "Feature", "properties": { "ST_NO": "1350H030", "NAME_C": "明德四號橋", "ADDR_C": "苗栗縣頭屋鄉", "ADMICODE": 12, "WR_DIST_NO": 10, "DEPTID": 2, "DRAINAGE_A": "0", "LEVEL0": "0", "OBSERVE": "NULL", "RESERVOIR": "NULL", "REMARKS": null, "TM_X97": 241809.09, "TM_Y97": 2720174.44, "ISCROSSRIV": "1", "TRINO1": 1350, "TRINO2": "135080", "TRINO3": null, "DAMAREA": "NULL", "DISUMMARY": null, "OBSITEMS": "0", "REPLACE_ST": "NULL", "OBSREMARKS": "NULL", "BASIN_NAME": "後龍溪", "alert_level_1": null, "alert_level_2": null, "alert_level_3": null, "camera_sta": null, "camera_id": null, "camera_sourceid": null }, "geometry": { "type": "Point", "coordinates": [ 120.919121144934337, 24.588244480685237 ] } },
{ "type": "Feature", "properties": { "ST_NO": "1350H031", "NAME_C": "觀海大橋", "ADDR_C": "苗栗縣後龍鎮觀海大橋", "ADMICODE": 12, "WR_DIST_NO": 20, "DEPTID": 2, "DRAINAGE_A": "NULL", "LEVEL0": "NULL", "OBSERVE": "NULL", "RESERVOIR": "NULL", "REMARKS": null, "TM_X97": 226125.23, "TM_Y97": 2723266.34, "ISCROSSRIV": "1", "TRINO1": 1350, "TRINO2": null, "TRINO3": null, "DAMAREA": "NULL", "DISUMMARY": null, "OBSITEMS": "0", "REPLACE_ST": "NULL", "OBSREMARKS": "NULL", "BASIN_NAME": "後龍溪", "alert_level_1": null, "alert_level_2": null, "alert_level_3": null, "camera_sta": "後龍溪後龍堤防 1K+000", "camera_id": "3701", "camera_sourceid": "20" }, "geometry": { "type": "Point", "coordinates": [ 120.764203630064927, 24.615997779704141 ] } },
{ "type": "Feature", "properties": { "ST_NO": "1340H008", "NAME_C": "平安橋", "ADDR_C": "苗栗縣三灣鄉內灣村", "ADMICODE": 12, "WR_DIST_NO": 20, "DEPTID": 2, "DRAINAGE_A": "218.12", "LEVEL0": "2600", "OBSERVE": "1", "RESERVOIR": "1", "REMARKS": "NULL", "TM_X97": 244855.05, "TM_Y97": 2729874.33, "ISCROSSRIV": "1", "TRINO1": 1340, "TRINO2": "NULL", "TRINO3": "NULL", "DAMAREA": null, "DISUMMARY": "測站上游有大埔水庫防汛期間會因水庫洩洪而放水", "OBSITEMS": "0,1,2,4", "REPLACE_ST": "NULL", "OBSREMARKS": "NULL", "BASIN_NAME": "中港溪", "alert_level_1": 42.1, "alert_level_2": 41.4, "alert_level_3": 40.6, "camera_sta": null, "camera_id": null, "camera_sourceid": null }, "geometry": { "type": "Point", "coordinates": [ 120.949162194777529, 24.675836222924293 ] } },
{ "type": "Feature", "properties": { "ST_NO": "1340H009", "NAME_C": "永興橋", "ADDR_C": "苗栗縣南庄鄉田美村", "ADMICODE": 12, "WR_DIST_NO": 20, "DEPTID": 2, "DRAINAGE_A": "144.46", "LEVEL0": "16800", "OBSERVE": "1", "RESERVOIR": "2", "REMARKS": "NULL", "TM_X97": 250589.53, "TM_Y97": 2723430.29, "ISCROSSRIV": "1", "TRINO1": 1340, "TRINO2": "NULL", "TRINO3": "NULL", "DAMAREA": null, "DISUMMARY": null, "OBSITEMS": "0,1,2,4", "REPLACE_ST": "NULL", "OBSREMARKS": "NULL", "BASIN_NAME": "中港溪", "alert_level_1": 179.4, "alert_level_2": 178.6, "alert_level_3": null, "camera_sta": null, "camera_id": null, "camera_sourceid": null }, "geometry": { "type": "Point", "coordinates": [ 121.005822511899538, 24.617662706498024 ] } },
{ "type": "Feature", "properties": { "ST_NO": "1340H010", "NAME_C": "尖山大橋", "ADDR_C": "苗栗縣頭份鎮蘆竹里尖山大橋", "ADMICODE": 12, "WR_DIST_NO": 10, "DEPTID": 2, "DRAINAGE_A": "0", "LEVEL0": "1591", "OBSERVE": null, "RESERVOIR": null, "REMARKS": null, "TM_X97": 238125.3, "TM_Y97": 2728884.6, "ISCROSSRIV": "1", "TRINO1": 1340, "TRINO2": null, "TRINO3": null, "DAMAREA": "大埔水庫", "DISUMMARY": null, "OBSITEMS": "0", "REPLACE_ST": "NULL", "OBSREMARKS": "NULL", "BASIN_NAME": "中港溪", "alert_level_1": 6.0, "alert_level_2": 3.4, "alert_level_3": null, "camera_sta": null, "camera_id": null, "camera_sourceid": null }, "geometry": { "type": "Point", "coordinates": [ 120.882673247700978, 24.666862959603254 ] } },
{ "type": "Feature", "properties": { "ST_NO": "1340H011", "NAME_C": "東興橋", "ADDR_C": "苗栗縣頭份鎮和平里東興路", "ADMICODE": 12, "WR_DIST_NO": 20, "DEPTID": 2, "DRAINAGE_A": "NULL", "LEVEL0": "2269", "OBSERVE": null, "RESERVOIR": null, "REMARKS": "NULL", "TM_X97": 240669.3, "TM_Y97": 2730402.9, "ISCROSSRIV": "1", "TRINO1": 1340, "TRINO2": "NULL", "TRINO3": "NULL", "DAMAREA": null, "DISUMMARY": null, "OBSITEMS": "0,4", "REPLACE_ST": "NULL", "OBSREMARKS": "NULL", "BASIN_NAME": "中港溪", "alert_level_1": null, "alert_level_2": null, "alert_level_3": null, "camera_sta": "中港溪1號站", "camera_id": "1210", "camera_sourceid": "10" }, "geometry": { "type": "Point", "coordinates": [ 120.907798871599368, 24.680588860474035 ] } },
{ "type": "Feature", "properties": { "ST_NO": "1340H012", "NAME_C": "東江橋", "ADDR_C": "苗栗縣南庄鄉東河村", "ADMICODE": 12, "WR_DIST_NO": 20, "DEPTID": 2, "DRAINAGE_A": "NULL", "LEVEL0": "2598", "OBSERVE": null, "RESERVOIR": null, "REMARKS": "NULL", "TM_X97": 251830.43, "TM_Y97": 2721201.19, "ISCROSSRIV": "1", "TRINO1": 1340, "TRINO2": "NULL", "TRINO3": "NULL", "DAMAREA": "大埔水庫", "DISUMMARY": null, "OBSITEMS": "0", "REPLACE_ST": "NULL", "OBSREMARKS": "NULL", "BASIN_NAME": "中港溪", "alert_level_1": null, "alert_level_2": null, "alert_level_3": null, "camera_sta": null, "camera_id": null, "camera_sourceid": null }, "geometry": { "type": "Point", "coordinates": [ 121.018075408030711, 24.597535510781821 ] } },
{ "type": "Feature", "properties": { "ST_NO": "1340H013", "NAME_C": "福南橋", "ADDR_C": "苗栗縣南庄鄉福南橋", "ADMICODE": 12, "WR_DIST_NO": 20, "DEPTID": 2, "DRAINAGE_A": "NULL", "LEVEL0": "25513", "OBSERVE": "NULL", "RESERVOIR": "NULL", "REMARKS": "NULL", "TM_X97": 249017.3, "TM_Y97": 2719331.4, "ISCROSSRIV": "1", "TRINO1": 1340, "TRINO2": "134020", "TRINO3": null, "DAMAREA": null, "DISUMMARY": null, "OBSITEMS": "0", "REPLACE_ST": "NULL", "OBSREMARKS": "NULL", "BASIN_NAME": "中港溪", "alert_level_1": null, "alert_level_2": null, "alert_level_3": null, "camera_sta": null, "camera_id": null, "camera_sourceid": null }, "geometry": { "type": "Point", "coordinates": [ 120.990297185821248, 24.580654176899994 ] } },
{ "type": "Feature", "properties": { "ST_NO": "1340H014", "NAME_C": "南港溪橋", "ADDR_C": "苗栗縣造橋鄉南港溪橋", "ADMICODE": 12, "WR_DIST_NO": 20, "DEPTID": 2, "DRAINAGE_A": "NULL", "LEVEL0": "996.4", "OBSERVE": "NULL", "RESERVOIR": "NULL", "REMARKS": "NULL", "TM_X97": 236624.0, "TM_Y97": 2727691.0, "ISCROSSRIV": "1", "TRINO1": 1340, "TRINO2": "134050", "TRINO3": "NULL", "DAMAREA": null, "DISUMMARY": null, "OBSITEMS": "0", "REPLACE_ST": "NULL", "OBSREMARKS": "******", "BASIN_NAME": "中港溪", "alert_level_1": null, "alert_level_2": null, "alert_level_3": null, "camera_sta": null, "camera_id": null, "camera_sourceid": null }, "geometry": { "type": "Point", "coordinates": [ 120.867851186180673, 24.656073906477811 ] } },
{ "type": "Feature", "properties": { "ST_NO": "1340H015", "NAME_C": "銅富大橋", "ADDR_C": "新竹縣峨眉鄉湖光村銅富大橋", "ADMICODE": 19, "WR_DIST_NO": 10, "DEPTID": 2, "DRAINAGE_A": "NULL", "LEVEL0": "NULL", "OBSERVE": "NULL", "RESERVOIR": "NULL", "REMARKS": "NULL", "TM_X97": 248157.4, "TM_Y97": 2729330.7, "ISCROSSRIV": "1", "TRINO1": 1340, "TRINO2": "134040", "TRINO3": null, "DAMAREA": null, "DISUMMARY": null, "OBSITEMS": "0,4", "REPLACE_ST": "NULL", "OBSREMARKS": "NULL", "BASIN_NAME": "中港溪", "alert_level_1": null, "alert_level_2": null, "alert_level_3": null, "camera_sta": null, "camera_id": null, "camera_sourceid": null }, "geometry": { "type": "Point", "coordinates": [ 120.981793780973064, 24.670935409182349 ] } },
{ "type": "Feature", "properties": { "ST_NO": "1340H016", "NAME_C": "玄寶大橋", "ADDR_C": "苗栗縣竹南鎮港墘里玄寶大橋", "ADMICODE": 12, "WR_DIST_NO": 20, "DEPTID": 2, "DRAINAGE_A": "NULL", "LEVEL0": "NULL", "OBSERVE": "NULL", "RESERVOIR": "NULL", "REMARKS": "NULL", "TM_X97": 233313.19, "TM_Y97": 2729198.03, "ISCROSSRIV": "1", "TRINO1": 1340, "TRINO2": null, "TRINO3": null, "DAMAREA": null, "DISUMMARY": null, "OBSITEMS": "0", "REPLACE_ST": "NULL", "OBSREMARKS": "NULL", "BASIN_NAME": "中港溪", "alert_level_1": null, "alert_level_2": null, "alert_level_3": null, "camera_sta": null, "camera_id": null, "camera_sourceid": null }, "geometry": { "type": "Point", "coordinates": [ 120.835124102735165, 24.669648185601528 ] } },
{ "type": "Feature", "properties": { "ST_NO": "1140H151", "NAME_C": "瑪鋉溪四十九號橋_新", "ADDR_C": "新北市萬里區", "ADMICODE": 4, "WR_DIST_NO": 10, "DEPTID": 10, "DRAINAGE_A": "NULL", "LEVEL0": "NULL", "OBSERVE": "NULL", "RESERVOIR": "NULL", "REMARKS": "NULL", "TM_X97": 319308.01, "TM_Y97": 2785290.29, "ISCROSSRIV": "NULL", "TRINO1": 1140, "TRINO2": "NULL", "TRINO3": "NULL", "DAMAREA": "NULL", "DISUMMARY": "NULL", "OBSITEMS": "NULL", "REPLACE_ST": "NULL", "OBSREMARKS": "NULL", "BASIN_NAME": "瑪鍊溪", "alert_level_1": null, "alert_level_2": null, "alert_level_3": null, "camera_sta": null, "camera_id": null, "camera_sourceid": null }, "geometry": { "type": "Point", "coordinates": [ 121.687589956795094, 25.174569111277457 ] } },
{ "type": "Feature", "properties": { "ST_NO": "1520H008", "NAME_C": "仁厚橋", "ADDR_C": "臺南市白河區仁厚橋", "ADMICODE": 6, "WR_DIST_NO": 30, "DEPTID": 5, "DRAINAGE_A": "NULL", "LEVEL0": "8249", "OBSERVE": "NULL", "RESERVOIR": "NULL", "REMARKS": null, "TM_X97": 195083.0, "TM_Y97": 2583457.0, "ISCROSSRIV": "1", "TRINO1": 1590, "TRINO2": "159020", "TRINO3": "159021", "DAMAREA": "NULL", "DISUMMARY": null, "OBSITEMS": "0", "REPLACE_ST": "NULL", "OBSREMARKS": "NULL", "BASIN_NAME": "急水溪", "alert_level_1": null, "alert_level_2": null, "alert_level_3": null, "camera_sta": null, "camera_id": null, "camera_sourceid": null }, "geometry": { "type": "Point", "coordinates": [ 120.462887816049701, 23.352839614238086 ] } },
{ "type": "Feature", "properties": { "ST_NO": "1590H012", "NAME_C": "新營", "ADDR_C": "台南市新營區（舊急水溪橋）", "ADMICODE": 6, "WR_DIST_NO": 30, "DEPTID": 5, "DRAINAGE_A": "226.66", "LEVEL0": "1853", "OBSERVE": "1", "RESERVOIR": "1", "REMARKS": null, "TM_X97": 179715.4, "TM_Y97": 2577209.81, "ISCROSSRIV": "1", "TRINO1": 1590, "TRINO2": null, "TRINO3": null, "DAMAREA": "NULL", "DISUMMARY": null, "OBSITEMS": "0,1,2", "REPLACE_ST": "NULL", "OBSREMARKS": "NULL", "BASIN_NAME": "急水溪", "alert_level_1": 12.5, "alert_level_2": 11.0, "alert_level_3": 9.5, "camera_sta": "新營橋", "camera_id": "3896", "camera_sourceid": "21" }, "geometry": { "type": "Point", "coordinates": [ 120.312883566164373, 23.29584147549701 ] } },
{ "type": "Feature", "properties": { "ST_NO": "1590H013", "NAME_C": "青葉橋", "ADDR_C": "台南市白河區白河里（青葉橋）", "ADMICODE": 6, "WR_DIST_NO": 30, "DEPTID": 5, "DRAINAGE_A": "83.5", "LEVEL0": "3017", "OBSERVE": "1", "RESERVOIR": "1", "REMARKS": "NULL", "TM_X97": 189372.5, "TM_Y97": 2581856.3, "ISCROSSRIV": "1", "TRINO1": 1590, "TRINO2": "NULL", "TRINO3": "NULL", "DAMAREA": null, "DISUMMARY": null, "OBSITEMS": "0", "REPLACE_ST": "NULL", "OBSREMARKS": "NULL", "BASIN_NAME": "急水溪", "alert_level_1": 27.5, "alert_level_2": 26.5, "alert_level_3": null, "camera_sta": null, "camera_id": null, "camera_sourceid": null }, "geometry": { "type": "Point", "coordinates": [ 120.407103043189423, 23.338183944675112 ] } },
{ "type": "Feature", "properties": { "ST_NO": "1590H015", "NAME_C": "地頭港橋(原重溪橋)", "ADDR_C": "台南市鹽水區南港里(?頭港橋)", "ADMICODE": 6, "WR_DIST_NO": 30, "DEPTID": 5, "DRAINAGE_A": "0.22", "LEVEL0": "1300", "OBSERVE": "1", "RESERVOIR": "NULL", "REMARKS": null, "TM_X97": 173057.72, "TM_Y97": 2572806.7, "ISCROSSRIV": "1", "TRINO1": 1590, "TRINO2": null, "TRINO3": null, "DAMAREA": "NULL", "DISUMMARY": null, "OBSITEMS": "0", "REPLACE_ST": "NULL", "OBSREMARKS": "NULL", "BASIN_NAME": "急水溪", "alert_level_1": 20.0, "alert_level_2": 19.2, "alert_level_3": null, "camera_sta": null, "camera_id": null, "camera_sourceid": null }, "geometry": { "type": "Point", "coordinates": [ 120.24802413753018, 23.255784342845864 ] } },
{ "type": "Feature", "properties": { "ST_NO": "1590H016", "NAME_C": "忠義橋", "ADDR_C": "台南市柳營區大腳腿（忠義 橋）", "ADMICODE": 6, "WR_DIST_NO": 30, "DEPTID": 5, "DRAINAGE_A": "NULL", "LEVEL0": "2573", "OBSERVE": null, "RESERVOIR": null, "REMARKS": null, "TM_X97": 186908.95, "TM_Y97": 2576529.8, "ISCROSSRIV": "1", "TRINO1": 1590, "TRINO2": "159000", "TRINO3": null, "DAMAREA": "NULL", "DISUMMARY": null, "OBSITEMS": "0", "REPLACE_ST": "NULL", "OBSREMARKS": "NULL", "BASIN_NAME": "急水溪", "alert_level_1": 18.1, "alert_level_2": 17.2, "alert_level_3": null, "camera_sta": "忠義橋", "camera_id": "3898", "camera_sourceid": "21" }, "geometry": { "type": "Point", "coordinates": [ 120.383234126444535, 23.289993392148602 ] } },
{ "type": "Feature", "properties": { "ST_NO": "1590H018", "NAME_C": "五王大橋", "ADDR_C": "臺南市北門區五王大橋", "ADMICODE": 6, "WR_DIST_NO": 30, "DEPTID": 5, "DRAINAGE_A": "0", "LEVEL0": "7.12", "OBSERVE": "NULL", "RESERVOIR": "NULL", "REMARKS": null, "TM_X97": 162483.0, "TM_Y97": 2576865.1, "ISCROSSRIV": "1", "TRINO1": 1590, "TRINO2": null, "TRINO3": null, "DAMAREA": "NULL", "DISUMMARY": null, "OBSITEMS": "0", "REPLACE_ST": "NULL", "OBSREMARKS": "配合五王大橋改建 自106/6/26起撤站 停止觀測", "BASIN_NAME": "急水溪", "alert_level_1": 4.0, "alert_level_2": 2.5, "alert_level_3": null, "camera_sta": "新圍抽水站", "camera_id": "65", "camera_sourceid": "1" }, "geometry": { "type": "Point", "coordinates": [ 120.1444491531268, 23.291900476377485 ] } },
{ "type": "Feature", "properties": { "ST_NO": "1590H019", "NAME_C": "向平橋", "ADDR_C": "臺南市東山區向平橋", "ADMICODE": 6, "WR_DIST_NO": 30, "DEPTID": 5, "DRAINAGE_A": "NULL", "LEVEL0": "2430", "OBSERVE": "NULL", "RESERVOIR": "NULL", "REMARKS": null, "TM_X97": 187985.67, "TM_Y97": 2574505.29, "ISCROSSRIV": "1", "TRINO1": 1590, "TRINO2": "159000", "TRINO3": null, "DAMAREA": "NULL", "DISUMMARY": null, "OBSITEMS": "0", "REPLACE_ST": "NULL", "OBSREMARKS": "NULL", "BASIN_NAME": "急水溪", "alert_level_1": 26.1, "alert_level_2": 24.8, "alert_level_3": null, "camera_sta": null, "camera_id": null, "camera_sourceid": null }, "geometry": { "type": "Point", "coordinates": [ 120.393842227230095, 23.271753284005076 ] } },
{ "type": "Feature", "properties": { "ST_NO": "1590H020", "NAME_C": "後壁急水溪橋", "ADDR_C": "台南市後壁區福安里", "ADMICODE": 6, "WR_DIST_NO": 30, "DEPTID": 5, "DRAINAGE_A": "125", "LEVEL0": "21.65", "OBSERVE": "NULL", "RESERVOIR": "NULL", "REMARKS": null, "TM_X97": 184496.47, "TM_Y97": 2580629.45, "ISCROSSRIV": "1", "TRINO1": 1590, "TRINO2": null, "TRINO3": null, "DAMAREA": "NULL", "DISUMMARY": null, "OBSITEMS": "0", "REPLACE_ST": "NULL", "OBSREMARKS": "NULL", "BASIN_NAME": "急水溪", "alert_level_1": 17.9, "alert_level_2": 16.4, "alert_level_3": null, "camera_sta": null, "camera_id": null, "camera_sourceid": null }, "geometry": { "type": "Point", "coordinates": [ 120.35947403097822, 23.32691798650459 ] } },
{ "type": "Feature", "properties": { "ST_NO": "1580H001", "NAME_C": "觸口", "ADDR_C": "嘉義縣番路鄉（觸口大橋）", "ADMICODE": 21, "WR_DIST_NO": 30, "DEPTID": 5, "DRAINAGE_A": "83.15", "LEVEL0": "23785", "OBSERVE": "1", "RESERVOIR": "2", "REMARKS": null, "TM_X97": 209724.94, "TM_Y97": 2592928.11, "ISCROSSRIV": "1", "TRINO1": 1580, "TRINO2": null, "TRINO3": null, "DAMAREA": "NULL", "DISUMMARY": null, "OBSITEMS": "0,1,2", "REPLACE_ST": "NULL", "OBSREMARKS": "NULL", "BASIN_NAME": "八掌溪", "alert_level_1": 228.8, "alert_level_2": 227.0, "alert_level_3": null, "camera_sta": null, "camera_id": null, "camera_sourceid": null }, "geometry": { "type": "Point", "coordinates": [ 120.605836224492222, 23.438790209790593 ] } },
{ "type": "Feature", "properties": { "ST_NO": "1580H007", "NAME_C": "軍輝橋", "ADDR_C": "嘉義縣中埔鄉和睦村（軍輝橋）", "ADMICODE": 12, "WR_DIST_NO": 20, "DEPTID": 5, "DRAINAGE_A": "122.25", "LEVEL0": "3710", "OBSERVE": "1", "RESERVOIR": "1", "REMARKS": null, "TM_X97": 194641.23, "TM_Y97": 2595165.87, "ISCROSSRIV": "1", "TRINO1": 1580, "TRINO2": null, "TRINO3": null, "DAMAREA": "NULL", "DISUMMARY": "仁義潭水庫引水、自來水公司", "OBSITEMS": "0,1,2", "REPLACE_ST": "NULL", "OBSREMARKS": "NULL", "BASIN_NAME": "八掌溪", "alert_level_1": 30.5, "alert_level_2": 29.5, "alert_level_3": 28.0, "camera_sta": "公館堤防", "camera_id": "1162", "camera_sourceid": "10" }, "geometry": { "type": "Point", "coordinates": [ 120.458137042602772, 23.458554257350166 ] } },
{ "type": "Feature", "properties": { "ST_NO": "1580H008", "NAME_C": "赤蘭溪橋", "ADDR_C": "嘉義縣水上鄉忠和村（赤蘭溪橋）", "ADMICODE": 21, "WR_DIST_NO": 30, "DEPTID": 5, "DRAINAGE_A": "101.09", "LEVEL0": "3127", "OBSERVE": "1", "RESERVOIR": "1", "REMARKS": null, "TM_X97": 193785.31, "TM_Y97": 2591890.31, "ISCROSSRIV": "1", "TRINO1": 1580, "TRINO2": "158010", "TRINO3": null, "DAMAREA": "NULL", "DISUMMARY": null, "OBSITEMS": "0,1,2", "REPLACE_ST": "NULL", "OBSREMARKS": "NULL", "BASIN_NAME": "八掌溪", "alert_level_1": 25.9, "alert_level_2": 24.4, "alert_level_3": null, "camera_sta": null, "camera_id": null, "camera_sourceid": null }, "geometry": { "type": "Point", "coordinates": [ 120.449881892109659, 23.428947252525674 ] } },
{ "type": "Feature", "properties": { "ST_NO": "1580H013", "NAME_C": "八掌溪橋", "ADDR_C": "臺南市白河區蓮潭里", "ADMICODE": 21, "WR_DIST_NO": 30, "DEPTID": 5, "DRAINAGE_A": "418.4", "LEVEL0": "2298", "OBSERVE": "1", "RESERVOIR": "1", "REMARKS": null, "TM_X97": 186851.09, "TM_Y97": 2589127.64, "ISCROSSRIV": "1", "TRINO1": 1580, "TRINO2": null, "TRINO3": null, "DAMAREA": "NULL", "DISUMMARY": null, "OBSITEMS": "0,4", "REPLACE_ST": "NULL", "OBSREMARKS": "NULL", "BASIN_NAME": "八掌溪", "alert_level_1": 17.8, "alert_level_2": 16.8, "alert_level_3": null, "camera_sta": "後壁八掌溪橋", "camera_id": "80", "camera_sourceid": "1" }, "geometry": { "type": "Point", "coordinates": [ 120.382142224855869, 23.403747296107927 ] } },
{ "type": "Feature", "properties": { "ST_NO": "1580H015", "NAME_C": "頭前溪橋", "ADDR_C": "台南市白河區甘宅里（頭前溪橋）", "ADMICODE": 6, "WR_DIST_NO": 30, "DEPTID": 5, "DRAINAGE_A": "NULL", "LEVEL0": "3106", "OBSERVE": "NULL", "RESERVOIR": "NULL", "REMARKS": "NULL", "TM_X97": 191893.19, "TM_Y97": 2586426.3, "ISCROSSRIV": "1", "TRINO1": 1580, "TRINO2": "158020", "TRINO3": "NULL", "DAMAREA": null, "DISUMMARY": null, "OBSITEMS": "0", "REPLACE_ST": "NULL", "OBSREMARKS": "NULL", "BASIN_NAME": "八掌溪", "alert_level_1": 27.5, "alert_level_2": 27.0, "alert_level_3": null, "camera_sta": "頭前溪橋", "camera_id": "4189", "camera_sourceid": "3" }, "geometry": { "type": "Point", "coordinates": [ 120.43157697481972, 23.379541865024823 ] } },
{ "type": "Feature", "properties": { "ST_NO": "1580H017", "NAME_C": "興龍橋", "ADDR_C": "嘉義縣中埔鄉溪興街（興龍橋）", "ADMICODE": 21, "WR_DIST_NO": 30, "DEPTID": 5, "DRAINAGE_A": "NULL", "LEVEL0": "3079", "OBSERVE": null, "RESERVOIR": null, "REMARKS": "NULL", "TM_X97": 194501.63, "TM_Y97": 2594458.45, "ISCROSSRIV": "1", "TRINO1": 1580, "TRINO2": "NULL", "TRINO3": "NULL", "DAMAREA": null, "DISUMMARY": null, "OBSITEMS": "0", "REPLACE_ST": "NULL", "OBSREMARKS": "NULL", "BASIN_NAME": "八掌溪", "alert_level_1": null, "alert_level_2": null, "alert_level_3": null, "camera_sta": "公館堤防", "camera_id": "1162", "camera_sourceid": "10" }, "geometry": { "type": "Point", "coordinates": [ 120.456796786788914, 23.452161639940531 ] } },
{ "type": "Feature", "properties": { "ST_NO": "1580H018", "NAME_C": "湖子內排水", "ADDR_C": "嘉義市西區湖子內路", "ADMICODE": 20, "WR_DIST_NO": 30, "DEPTID": 5, "DRAINAGE_A": "NULL", "LEVEL0": "2672", "OBSERVE": null, "RESERVOIR": null, "REMARKS": "NULL", "TM_X97": 192332.68, "TM_Y97": 2593357.82, "ISCROSSRIV": "0", "TRINO1": 1580, "TRINO2": "NULL", "TRINO3": "NULL", "DAMAREA": null, "DISUMMARY": null, "OBSITEMS": "0", "REPLACE_ST": "NULL", "OBSREMARKS": "NULL", "BASIN_NAME": "八掌溪", "alert_level_1": null, "alert_level_2": null, "alert_level_3": null, "camera_sta": "內溪洲堤防", "camera_id": "1155", "camera_sourceid": "10" }, "geometry": { "type": "Point", "coordinates": [ 120.43561069105192, 23.442147845462362 ] } },
{ "type": "Feature", "properties": { "ST_NO": "1580H020", "NAME_C": "道將圳", "ADDR_C": "嘉義市東區道將圳攔河堰", "ADMICODE": 20, "WR_DIST_NO": 30, "DEPTID": 5, "DRAINAGE_A": "NULL", "LEVEL0": "4164", "OBSERVE": "NULL", "RESERVOIR": "NULL", "REMARKS": null, "TM_X97": 195511.7, "TM_Y97": 2595637.24, "ISCROSSRIV": "0", "TRINO1": 1580, "TRINO2": null, "TRINO3": null, "DAMAREA": "NULL", "DISUMMARY": null, "OBSITEMS": "0", "REPLACE_ST": "NULL", "OBSREMARKS": "NULL", "BASIN_NAME": "八掌溪", "alert_level_1": null, "alert_level_2": null, "alert_level_3": null, "camera_sta": null, "camera_id": null, "camera_sourceid": null }, "geometry": { "type": "Point", "coordinates": [ 120.466639993170617, 23.462840001441947 ] } },
{ "type": "Feature", "properties": { "ST_NO": "1580H021", "NAME_C": "義竹(厚生橋)(1)", "ADDR_C": "臺南市鹽水區下中里厚生橋", "ADMICODE": 6, "WR_DIST_NO": 30, "DEPTID": 5, "DRAINAGE_A": "0", "LEVEL0": "1233", "OBSERVE": "NULL", "RESERVOIR": "NULL", "REMARKS": null, "TM_X97": 173559.55, "TM_Y97": 2580901.65, "ISCROSSRIV": "1", "TRINO1": 1580, "TRINO2": null, "TRINO3": null, "DAMAREA": "NULL", "DISUMMARY": null, "OBSITEMS": "0,1,2", "REPLACE_ST": "NULL", "OBSREMARKS": "NULL", "BASIN_NAME": "八掌溪", "alert_level_1": 8.1, "alert_level_2": 5.9, "alert_level_3": null, "camera_sta": "岸內堤防", "camera_id": "1139", "camera_sourceid": "10" }, "geometry": { "type": "Point", "coordinates": [ 120.252520201750741, 23.328902155387482 ] } },
{ "type": "Feature", "properties": { "ST_NO": "1580H022", "NAME_C": "嘉南大橋", "ADDR_C": "嘉義縣布袋鎮嘉南大橋", "ADMICODE": 21, "WR_DIST_NO": 30, "DEPTID": 5, "DRAINAGE_A": "NULL", "LEVEL0": "572", "OBSERVE": "NULL", "RESERVOIR": "NULL", "REMARKS": "NULL", "TM_X97": 163390.0, "TM_Y97": 2579253.0, "ISCROSSRIV": "1", "TRINO1": 1580, "TRINO2": null, "TRINO3": null, "DAMAREA": null, "DISUMMARY": null, "OBSITEMS": "0", "REPLACE_ST": "NULL", "OBSREMARKS": "NULL", "BASIN_NAME": "八掌溪", "alert_level_1": 4.9, "alert_level_2": 3.3, "alert_level_3": null, "camera_sta": null, "camera_id": null, "camera_sourceid": null }, "geometry": { "type": "Point", "coordinates": [ 120.15317858962041, 23.313509887218522 ] } },
{ "type": "Feature", "properties": { "ST_NO": "2370H016", "NAME_C": "立山", "ADDR_C": "花蓮縣卓溪鄉立山村", "ADMICODE": 9, "WR_DIST_NO": 40, "DEPTID": 9, "DRAINAGE_A": "249.4", "LEVEL0": "17835", "OBSERVE": "1", "RESERVOIR": "2", "REMARKS": null, "TM_X97": 281789.25, "TM_Y97": 2591645.38, "ISCROSSRIV": "1", "TRINO1": 2370, "TRINO2": "237040", "TRINO3": null, "DAMAREA": "NULL", "DISUMMARY": null, "OBSITEMS": "0,1,2", "REPLACE_ST": "NULL", "OBSREMARKS": "NULL", "BASIN_NAME": "秀姑巒溪", "alert_level_1": 173.0, "alert_level_2": 171.6, "alert_level_3": null, "camera_sta": "立山", "camera_id": "69", "camera_sourceid": "1" }, "geometry": { "type": "Point", "coordinates": [ 121.311088858071358, 23.427394621324336 ] } },
{ "type": "Feature", "properties": { "ST_NO": "2370H017", "NAME_C": "瑞穗大橋", "ADDR_C": "花蓮縣玉里鎮德武里", "ADMICODE": 9, "WR_DIST_NO": 40, "DEPTID": 9, "DRAINAGE_A": "1538.81", "LEVEL0": "7778", "OBSERVE": "1", "RESERVOIR": "1", "REMARKS": null, "TM_X97": 291236.1, "TM_Y97": 2598169.7, "ISCROSSRIV": "1", "TRINO1": 2370, "TRINO2": null, "TRINO3": null, "DAMAREA": "NULL", "DISUMMARY": null, "OBSITEMS": "0,1,2", "REPLACE_ST": "NULL", "OBSREMARKS": "NULL", "BASIN_NAME": "秀姑巒溪", "alert_level_1": 71.7, "alert_level_2": 70.2, "alert_level_3": null, "camera_sta": null, "camera_id": null, "camera_sourceid": null }, "geometry": { "type": "Point", "coordinates": [ 121.403713010516114, 23.486097635024503 ] } },
{ "type": "Feature", "properties": { "ST_NO": "2370H018", "NAME_C": "玉里大橋", "ADDR_C": "花蓮縣玉里鎮中城里", "ADMICODE": 9, "WR_DIST_NO": 40, "DEPTID": 9, "DRAINAGE_A": "1008.42", "LEVEL0": "20633", "OBSERVE": "1", "RESERVOIR": "1", "REMARKS": null, "TM_X97": 283772.58, "TM_Y97": 2580053.48, "ISCROSSRIV": "1", "TRINO1": 2370, "TRINO2": null, "TRINO3": null, "DAMAREA": "NULL", "DISUMMARY": "太平渠", "OBSITEMS": "0,1,2", "REPLACE_ST": "NULL", "OBSREMARKS": "NULL", "BASIN_NAME": "秀姑巒溪", "alert_level_1": 130.1, "alert_level_2": 129.6, "alert_level_3": null, "camera_sta": "玉里堤防", "camera_id": "3727", "camera_sourceid": "20" }, "geometry": { "type": "Point", "coordinates": [ 121.330238032231975, 23.322678088085205 ] } },
{ "type": "Feature", "properties": { "ST_NO": "2370H019", "NAME_C": "馬遠橋", "ADDR_C": "花蓮縣萬榮鄉馬遠村", "ADMICODE": 9, "WR_DIST_NO": 40, "DEPTID": 9, "DRAINAGE_A": "85.94", "LEVEL0": "16853", "OBSERVE": "1", "RESERVOIR": "1", "REMARKS": null, "TM_X97": 287403.59, "TM_Y97": 2607652.08, "ISCROSSRIV": "1", "TRINO1": 2370, "TRINO2": "237060", "TRINO3": null, "DAMAREA": "NULL", "DISUMMARY": "興泉圳", "OBSITEMS": "0,1,2", "REPLACE_ST": "NULL", "OBSREMARKS": "NULL", "BASIN_NAME": "秀姑巒溪", "alert_level_1": 164.7, "alert_level_2": 163.7, "alert_level_3": null, "camera_sta": "富民堤防", "camera_id": "3028", "camera_sourceid": "20" }, "geometry": { "type": "Point", "coordinates": [ 121.366429305129273, 23.57181565396078 ] } },
{ "type": "Feature", "properties": { "ST_NO": "2370H024", "NAME_C": "崙天大橋", "ADDR_C": "花蓮縣富里鄉", "ADMICODE": 9, "WR_DIST_NO": 40, "DEPTID": 9, "DRAINAGE_A": "191.05", "LEVEL0": "20300", "OBSERVE": "1", "RESERVOIR": "1", "REMARKS": null, "TM_X97": 277754.52, "TM_Y97": 2568393.96, "ISCROSSRIV": "1", "TRINO1": 2370, "TRINO2": null, "TRINO3": null, "DAMAREA": "NULL", "DISUMMARY": "秋林圳", "OBSITEMS": "0,1,2", "REPLACE_ST": "NULL", "OBSREMARKS": "NULL", "BASIN_NAME": "秀姑巒溪", "alert_level_1": 198.7, "alert_level_2": 197.9, "alert_level_3": null, "camera_sta": "崙天大橋", "camera_id": "4168", "camera_sourceid": "21" }, "geometry": { "type": "Point", "coordinates": [ 121.27117909085689, 23.217501784840564 ] } },
{ "type": "Feature", "properties": { "ST_NO": "2370H025", "NAME_C": "文田橋", "ADDR_C": "花蓮縣富里鄉學田村", "ADMICODE": 9, "WR_DIST_NO": 40, "DEPTID": 9, "DRAINAGE_A": "NULL", "LEVEL0": "26403", "OBSERVE": null, "RESERVOIR": null, "REMARKS": null, "TM_X97": 272765.77, "TM_Y97": 2559505.94, "ISCROSSRIV": "1", "TRINO1": 2370, "TRINO2": null, "TRINO3": null, "DAMAREA": "NULL", "DISUMMARY": null, "OBSITEMS": "0", "REPLACE_ST": "NULL", "OBSREMARKS": "NULL", "BASIN_NAME": "秀姑巒溪", "alert_level_1": 264.4, "alert_level_2": 263.5, "alert_level_3": null, "camera_sta": null, "camera_id": null, "camera_sourceid": null }, "geometry": { "type": "Point", "coordinates": [ 121.222303572989048, 23.137315328119335 ] } },
{ "type": "Feature", "properties": { "ST_NO": "2370H028", "NAME_C": "明里大橋", "ADDR_C": "0", "ADMICODE": 9, "WR_DIST_NO": 40, "DEPTID": 9, "DRAINAGE_A": "146.68", "LEVEL0": "218.2", "OBSERVE": "NULL", "RESERVOIR": "NULL", "REMARKS": null, "TM_X97": 275566.24, "TM_Y97": 2565154.55, "ISCROSSRIV": "1", "TRINO1": 2370, "TRINO2": null, "TRINO3": null, "DAMAREA": "NULL", "DISUMMARY": null, "OBSITEMS": "0,1,2", "REPLACE_ST": "NULL", "OBSREMARKS": "NULL", "BASIN_NAME": "秀姑巒溪", "alert_level_1": 215.3, "alert_level_2": 214.5, "alert_level_3": null, "camera_sta": null, "camera_id": null, "camera_sourceid": null }, "geometry": { "type": "Point", "coordinates": [ 121.249744029252497, 23.188283974106728 ] } },
{ "type": "Feature", "properties": { "ST_NO": "1320H001", "NAME_C": "福德橋", "ADDR_C": "新竹市香山區中隘里", "ADMICODE": 18, "WR_DIST_NO": 10, "DEPTID": 2, "DRAINAGE_A": "NULL", "LEVEL0": "1135", "OBSERVE": "NULL", "RESERVOIR": "NULL", "REMARKS": "NULL", "TM_X97": 241852.8, "TM_Y97": 2735834.6, "ISCROSSRIV": "1", "TRINO1": 1320, "TRINO2": "NULL", "TRINO3": "NULL", "DAMAREA": null, "DISUMMARY": null, "OBSITEMS": "0", "REPLACE_ST": "NULL", "OBSREMARKS": "NULL", "BASIN_NAME": "鹽港溪排水", "alert_level_1": null, "alert_level_2": null, "alert_level_3": null, "camera_sta": null, "camera_id": null, "camera_sourceid": null }, "geometry": { "type": "Point", "coordinates": [ 120.919462061343992, 24.72963693826394 ] } },
{ "type": "Feature", "properties": { "ST_NO": "1320H002", "NAME_C": "新豐橋", "ADDR_C": "新竹縣寶山鄉新城村新湖路", "ADMICODE": 19, "WR_DIST_NO": 10, "DEPTID": 2, "DRAINAGE_A": "NULL", "LEVEL0": "2237", "OBSERVE": null, "RESERVOIR": null, "REMARKS": "NULL", "TM_X97": 246480.45, "TM_Y97": 2736055.39, "ISCROSSRIV": "0", "TRINO1": 1320, "TRINO2": "NULL", "TRINO3": "NULL", "DAMAREA": null, "DISUMMARY": null, "OBSITEMS": "0", "REPLACE_ST": "NULL", "OBSREMARKS": "NULL", "BASIN_NAME": "鹽港溪排水", "alert_level_1": null, "alert_level_2": null, "alert_level_3": null, "camera_sta": null, "camera_id": null, "camera_sourceid": null }, "geometry": { "type": "Point", "coordinates": [ 120.965207444405692, 24.731647977860842 ] } },
{ "type": "Feature", "properties": { "ST_NO": "1850H004", "NAME_C": "石門橋", "ADDR_C": "屏東縣牡丹鄉石門橋", "ADMICODE": 11, "WR_DIST_NO": 30, "DEPTID": 7, "DRAINAGE_A": "79.37", "LEVEL0": "8525", "OBSERVE": "1", "RESERVOIR": "2", "REMARKS": null, "TM_X97": 227079.0, "TM_Y97": 2447690.0, "ISCROSSRIV": "1", "TRINO1": 1850, "TRINO2": null, "TRINO3": null, "DAMAREA": "牡丹水庫", "DISUMMARY": "牡丹水庫", "OBSITEMS": "0,1,2", "REPLACE_ST": "NULL", "OBSREMARKS": "NULL", "BASIN_NAME": "四重溪", "alert_level_1": 79.3, "alert_level_2": 77.7, "alert_level_3": null, "camera_sta": "牡丹水庫管理中心", "camera_id": "1020", "camera_sourceid": "21" }, "geometry": { "type": "Point", "coordinates": [ 120.777810009260463, 22.127494166170514 ] } },
{ "type": "Feature", "properties": { "ST_NO": "1850H005", "NAME_C": "懷恩橋", "ADDR_C": "屏東縣車城鄉", "ADMICODE": 11, "WR_DIST_NO": 30, "DEPTID": 7, "DRAINAGE_A": "NULL", "LEVEL0": "3420", "OBSERVE": "NULL", "RESERVOIR": "NULL", "REMARKS": null, "TM_X97": 223232.35, "TM_Y97": 2442736.93, "ISCROSSRIV": "1", "TRINO1": 1850, "TRINO2": null, "TRINO3": null, "DAMAREA": "牡丹水庫", "DISUMMARY": "牡丹水庫", "OBSITEMS": "0", "REPLACE_ST": "NULL", "OBSREMARKS": "NULL", "BASIN_NAME": "四重溪", "alert_level_1": 29.3, "alert_level_2": 27.8, "alert_level_3": null, "camera_sta": null, "camera_id": null, "camera_sourceid": null }, "geometry": { "type": "Point", "coordinates": [ 120.740603692041518, 22.082704774658268 ] } },
{ "type": "Feature", "properties": { "ST_NO": "1850H006", "NAME_C": "石門村過水橋", "ADDR_C": "屏東縣牡丹鄉石門村過四重溪水泥橋", "ADMICODE": 11, "WR_DIST_NO": 30, "DEPTID": 7, "DRAINAGE_A": "500", "LEVEL0": "7900", "OBSERVE": "NULL", "RESERVOIR": "NULL", "REMARKS": null, "TM_X97": 226561.0, "TM_Y97": 2447242.0, "ISCROSSRIV": "1", "TRINO1": 1850, "TRINO2": null, "TRINO3": null, "DAMAREA": "牡丹水庫", "DISUMMARY": "牡丹水庫", "OBSITEMS": "0,1,2", "REPLACE_ST": "NULL", "OBSREMARKS": "NULL", "BASIN_NAME": "四重溪", "alert_level_1": null, "alert_level_2": null, "alert_level_3": null, "camera_sta": null, "camera_id": null, "camera_sourceid": null }, "geometry": { "type": "Point", "coordinates": [ 120.772795172976956, 22.123441077144594 ] } },
{ "type": "Feature", "properties": { "ST_NO": "1310H001", "NAME_C": "印順橋", "ADDR_C": "新竹市東區振興里印順橋", "ADMICODE": 18, "WR_DIST_NO": 10, "DEPTID": 2, "DRAINAGE_A": "NULL", "LEVEL0": "2407", "OBSERVE": "NULL", "RESERVOIR": "NULL", "REMARKS": "NULL", "TM_X97": 246093.9, "TM_Y97": 2742889.3, "ISCROSSRIV": "1", "TRINO1": 1310, "TRINO2": "NULL", "TRINO3": "NULL", "DAMAREA": null, "DISUMMARY": null, "OBSITEMS": "0", "REPLACE_ST": "NULL", "OBSREMARKS": "NULL", "BASIN_NAME": "客雅溪排水", "alert_level_1": null, "alert_level_2": null, "alert_level_3": null, "camera_sta": null, "camera_id": null, "camera_sourceid": null }, "geometry": { "type": "Point", "coordinates": [ 120.961367120579993, 24.793348146134242 ] } },
{ "type": "Feature", "properties": { "ST_NO": "1310H002", "NAME_C": "香雅橋", "ADDR_C": "新竹市香山區香雅橋", "ADMICODE": 18, "WR_DIST_NO": 10, "DEPTID": 2, "DRAINAGE_A": "NULL", "LEVEL0": "NULL", "OBSERVE": "NULL", "RESERVOIR": "NULL", "REMARKS": "NULL", "TM_X97": 242648.0, "TM_Y97": 2743978.0, "ISCROSSRIV": "0", "TRINO1": 1310, "TRINO2": "NULL", "TRINO3": "NULL", "DAMAREA": null, "DISUMMARY": null, "OBSITEMS": "0", "REPLACE_ST": "NULL", "OBSREMARKS": "NULL", "BASIN_NAME": "客雅溪排水", "alert_level_1": null, "alert_level_2": null, "alert_level_3": null, "camera_sta": null, "camera_id": null, "camera_sourceid": null }, "geometry": { "type": "Point", "coordinates": [ 120.927280086360938, 24.803164926990821 ] } },
{ "type": "Feature", "properties": { "ST_NO": "1300H013", "NAME_C": "內灣", "ADDR_C": "新竹縣橫山鄉內灣村", "ADMICODE": 19, "WR_DIST_NO": 10, "DEPTID": 2, "DRAINAGE_A": "139.07", "LEVEL0": "24900", "OBSERVE": "1", "RESERVOIR": "2", "REMARKS": null, "TM_X97": 268474.93, "TM_Y97": 2732857.66, "ISCROSSRIV": "1", "TRINO1": 1300, "TRINO2": "130020", "TRINO3": null, "DAMAREA": "NULL", "DISUMMARY": null, "OBSITEMS": "0,1,2,4", "REPLACE_ST": "NULL", "OBSREMARKS": "NULL", "BASIN_NAME": "頭前溪", "alert_level_1": 255.0, "alert_level_2": 253.4, "alert_level_3": 250.2, "camera_sta": null, "camera_id": null, "camera_sourceid": null }, "geometry": { "type": "Point", "coordinates": [ 121.182591677364528, 24.702669514962579 ] } },
{ "type": "Feature", "properties": { "ST_NO": "1300H014", "NAME_C": "上坪", "ADDR_C": "新竹縣橫山鄉昌惠大橋", "ADMICODE": 19, "WR_DIST_NO": 10, "DEPTID": 2, "DRAINAGE_A": "221.73", "LEVEL0": "21100", "OBSERVE": "1", "RESERVOIR": "2", "REMARKS": null, "TM_X97": 261535.5, "TM_Y97": 2729113.4, "ISCROSSRIV": "1", "TRINO1": 1300, "TRINO2": "130010", "TRINO3": null, "DAMAREA": "NULL", "DISUMMARY": null, "OBSITEMS": "0,1,2,4", "REPLACE_ST": "NULL", "OBSREMARKS": "NULL", "BASIN_NAME": "頭前溪", "alert_level_1": 218.1, "alert_level_2": 217.1, "alert_level_3": 213.6, "camera_sta": null, "camera_id": null, "camera_sourceid": null }, "geometry": { "type": "Point", "coordinates": [ 121.113977203736894, 24.668931321127758 ] } },
{ "type": "Feature", "properties": { "ST_NO": "1300H016", "NAME_C": "竹林大橋", "ADDR_C": "新竹縣芎林鄉石潭村", "ADMICODE": 19, "WR_DIST_NO": 10, "DEPTID": 2, "DRAINAGE_A": "441.38", "LEVEL0": "10100", "OBSERVE": "1", "RESERVOIR": "1", "REMARKS": null, "TM_X97": 259465.76, "TM_Y97": 2737832.5, "ISCROSSRIV": "1", "TRINO1": 1300, "TRINO2": null, "TRINO3": null, "DAMAREA": "NULL", "DISUMMARY": null, "OBSITEMS": "0,1,2", "REPLACE_ST": "NULL", "OBSREMARKS": "NULL", "BASIN_NAME": "頭前溪", "alert_level_1": 107.8, "alert_level_2": 106.9, "alert_level_3": 102.6, "camera_sta": null, "camera_id": null, "camera_sourceid": null }, "geometry": { "type": "Point", "coordinates": [ 121.093585855300063, 24.747667784157688 ] } },
{ "type": "Feature", "properties": { "ST_NO": "1300H017", "NAME_C": "經國橋", "ADDR_C": "新竹縣竹北市東平里", "ADMICODE": 18, "WR_DIST_NO": 10, "DEPTID": 2, "DRAINAGE_A": "499.18", "LEVEL0": "5900", "OBSERVE": "1", "RESERVOIR": "1", "REMARKS": null, "TM_X97": 251955.28, "TM_Y97": 2744498.87, "ISCROSSRIV": "1", "TRINO1": 1300, "TRINO2": null, "TRINO3": null, "DAMAREA": "NULL", "DISUMMARY": null, "OBSITEMS": "0,1,2,4", "REPLACE_ST": "NULL", "OBSREMARKS": "NULL", "BASIN_NAME": "頭前溪", "alert_level_1": 34.3, "alert_level_2": 32.8, "alert_level_3": 29.7, "camera_sta": "高鐵一號堤防", "camera_id": "3704", "camera_sourceid": "20" }, "geometry": { "type": "Point", "coordinates": [ 121.019340750658372, 24.807884084154907 ] } },
{ "type": "Feature", "properties": { "ST_NO": "1300H018", "NAME_C": "竹林大橋(左岸)", "ADDR_C": "新竹縣芎林鄉石潭村", "ADMICODE": 19, "WR_DIST_NO": 10, "DEPTID": 2, "DRAINAGE_A": "441.38", "LEVEL0": "10100", "OBSERVE": "1", "RESERVOIR": "1", "REMARKS": null, "TM_X97": 259465.76, "TM_Y97": 2737832.5, "ISCROSSRIV": "1", "TRINO1": 1300, "TRINO2": null, "TRINO3": null, "DAMAREA": "NULL", "DISUMMARY": null, "OBSITEMS": "0,1,2,4", "REPLACE_ST": "NULL", "OBSREMARKS": "NULL", "BASIN_NAME": "頭前溪", "alert_level_1": null, "alert_level_2": null, "alert_level_3": null, "camera_sta": null, "camera_id": null, "camera_sourceid": null }, "geometry": { "type": "Point", "coordinates": [ 121.093585855300063, 24.747667784157688 ] } },
{ "type": "Feature", "properties": { "ST_NO": "1300H019", "NAME_C": "復興橋", "ADDR_C": "新竹縣竹東鎮柯湖里", "ADMICODE": 18, "WR_DIST_NO": 10, "DEPTID": 2, "DRAINAGE_A": "NULL", "LEVEL0": "9026.7", "OBSERVE": null, "RESERVOIR": null, "REMARKS": null, "TM_X97": 253327.69, "TM_Y97": 2740259.62, "ISCROSSRIV": "1", "TRINO1": 1300, "TRINO2": "130030", "TRINO3": null, "DAMAREA": "NULL", "DISUMMARY": null, "OBSITEMS": "0", "REPLACE_ST": "NULL", "OBSREMARKS": "NULL", "BASIN_NAME": "頭前溪", "alert_level_1": null, "alert_level_2": null, "alert_level_3": null, "camera_sta": null, "camera_id": null, "camera_sourceid": null }, "geometry": { "type": "Point", "coordinates": [ 121.032905914705069, 24.769607064770504 ] } },
{ "type": "Feature", "properties": { "ST_NO": "1300H020", "NAME_C": "五峰大橋", "ADDR_C": "新竹縣五峰鄉五峰大橋", "ADMICODE": 19, "WR_DIST_NO": 10, "DEPTID": 2, "DRAINAGE_A": "NULL", "LEVEL0": "26475", "OBSERVE": "NULL", "RESERVOIR": "NULL", "REMARKS": "NULL", "TM_X97": 262563.72, "TM_Y97": 2726400.95, "ISCROSSRIV": "1", "TRINO1": 1300, "TRINO2": "130010", "TRINO3": "NULL", "DAMAREA": null, "DISUMMARY": null, "OBSITEMS": "0", "REPLACE_ST": "NULL", "OBSREMARKS": "NULL", "BASIN_NAME": "頭前溪", "alert_level_1": null, "alert_level_2": null, "alert_level_3": null, "camera_sta": null, "camera_id": null, "camera_sourceid": null }, "geometry": { "type": "Point", "coordinates": [ 121.124112356354459, 24.64443316633044 ] } },
{ "type": "Feature", "properties": { "ST_NO": "1300H021", "NAME_C": "舊港橋", "ADDR_C": "新竹縣竹北市舊港橋", "ADMICODE": 19, "WR_DIST_NO": 10, "DEPTID": 2, "DRAINAGE_A": "NULL", "LEVEL0": "NULL", "OBSERVE": "NULL", "RESERVOIR": "NULL", "REMARKS": "NULL", "TM_X97": 244886.69, "TM_Y97": 2748161.26, "ISCROSSRIV": "0", "TRINO1": 1300, "TRINO2": "NULL", "TRINO3": "NULL", "DAMAREA": null, "DISUMMARY": null, "OBSITEMS": "0", "REPLACE_ST": "NULL", "OBSREMARKS": "NULL", "BASIN_NAME": "頭前溪", "alert_level_1": 4.3, "alert_level_2": 3.2, "alert_level_3": null, "camera_sta": "北區舊港橋", "camera_id": "57", "camera_sourceid": "1" }, "geometry": { "type": "Point", "coordinates": [ 120.949408013235285, 24.840943008669356 ] } },
{ "type": "Feature", "properties": { "ST_NO": "1300H022", "NAME_C": "竹港大橋", "ADDR_C": "新竹市北區南寮里竹港大橋", "ADMICODE": 18, "WR_DIST_NO": 10, "DEPTID": 2, "DRAINAGE_A": "0", "LEVEL0": "0", "OBSERVE": "NULL", "RESERVOIR": "NULL", "REMARKS": null, "TM_X97": 243658.05, "TM_Y97": 2748710.71, "ISCROSSRIV": "1", "TRINO1": 1300, "TRINO2": null, "TRINO3": null, "DAMAREA": "NULL", "DISUMMARY": null, "OBSITEMS": "0", "REPLACE_ST": "NULL", "OBSREMARKS": "NULL", "BASIN_NAME": "頭前溪", "alert_level_1": null, "alert_level_2": null, "alert_level_3": null, "camera_sta": "頭前溪舊港島環島護岸", "camera_id": "3699", "camera_sourceid": "20" }, "geometry": { "type": "Point", "coordinates": [ 120.937249137086027, 24.84589914549273 ] } },
{ "type": "Feature", "properties": { "ST_NO": "1300H023", "NAME_C": "中正大橋", "ADDR_C": "新竹縣竹東鎮中正大橋", "ADMICODE": 19, "WR_DIST_NO": 10, "DEPTID": 2, "DRAINAGE_A": "NULL", "LEVEL0": "NULL", "OBSERVE": "NULL", "RESERVOIR": "NULL", "REMARKS": null, "TM_X97": 255888.8, "TM_Y97": 2742078.7, "ISCROSSRIV": "1", "TRINO1": 1300, "TRINO2": null, "TRINO3": null, "DAMAREA": "NULL", "DISUMMARY": null, "OBSITEMS": "0,4", "REPLACE_ST": "NULL", "OBSREMARKS": "NULL", "BASIN_NAME": "頭前溪", "alert_level_1": null, "alert_level_2": null, "alert_level_3": null, "camera_sta": null, "camera_id": null, "camera_sourceid": null }, "geometry": { "type": "Point", "coordinates": [ 121.058239145919842, 24.786023190459748 ] } },
{ "type": "Feature", "properties": { "ST_NO": "1300H024", "NAME_C": "柯子湖溪匯流站", "ADDR_C": "新竹市東區千里路", "ADMICODE": 18, "WR_DIST_NO": 10, "DEPTID": 2, "DRAINAGE_A": "NULL", "LEVEL0": "NULL", "OBSERVE": "NULL", "RESERVOIR": "NULL", "REMARKS": null, "TM_X97": 252131.1, "TM_Y97": 2743827.4, "ISCROSSRIV": "1", "TRINO1": 1300, "TRINO2": "130030", "TRINO3": null, "DAMAREA": "NULL", "DISUMMARY": null, "OBSITEMS": "0", "REPLACE_ST": "NULL", "OBSREMARKS": "NULL", "BASIN_NAME": "頭前溪", "alert_level_1": null, "alert_level_2": null, "alert_level_3": null, "camera_sta": "高鐵一號堤防", "camera_id": "3704", "camera_sourceid": "20" }, "geometry": { "type": "Point", "coordinates": [ 121.021078857833885, 24.801821402924837 ] } },
{ "type": "Feature", "properties": { "ST_NO": "1300H22A", "NAME_C": "測試-竹港大橋(右岸)-NB", "ADDR_C": "新竹市北區南寮里竹港大橋", "ADMICODE": 18, "WR_DIST_NO": 10, "DEPTID": 2, "DRAINAGE_A": "0", "LEVEL0": "0", "OBSERVE": "NULL", "RESERVOIR": "NULL", "REMARKS": "NULL", "TM_X97": 243658.05, "TM_Y97": 2748710.71, "ISCROSSRIV": "1", "TRINO1": 1300, "TRINO2": null, "TRINO3": null, "DAMAREA": "NULL", "DISUMMARY": null, "OBSITEMS": "0", "REPLACE_ST": "NULL", "OBSREMARKS": "NULL", "BASIN_NAME": "頭前溪", "alert_level_1": null, "alert_level_2": null, "alert_level_3": null, "camera_sta": "頭前溪舊港島環島護岸", "camera_id": "3699", "camera_sourceid": "20" }, "geometry": { "type": "Point", "coordinates": [ 120.937249137086027, 24.84589914549273 ] } },
{ "type": "Feature", "properties": { "ST_NO": "1550H011", "NAME_C": "蒜頭", "ADDR_C": "嘉義縣六腳鄉蒜南村（介壽橋）", "ADMICODE": 21, "WR_DIST_NO": 30, "DEPTID": 5, "DRAINAGE_A": "282.89", "LEVEL0": "1538", "OBSERVE": "1", "RESERVOIR": "1", "REMARKS": "NULL", "TM_X97": 177798.7, "TM_Y97": 2597835.95, "ISCROSSRIV": "1", "TRINO1": 1550, "TRINO2": "NULL", "TRINO3": "NULL", "DAMAREA": null, "DISUMMARY": null, "OBSITEMS": "0", "REPLACE_ST": "NULL", "OBSREMARKS": "NULL", "BASIN_NAME": "朴子溪", "alert_level_1": 9.9, "alert_level_2": 8.3, "alert_level_3": null, "camera_sta": null, "camera_id": null, "camera_sourceid": null }, "geometry": { "type": "Point", "coordinates": [ 120.293159098583473, 23.482004088169877 ] } },
{ "type": "Feature", "properties": { "ST_NO": "1550H012", "NAME_C": "灣內橋", "ADDR_C": "嘉義縣六腳鄉蒜頭村（灣內大橋）", "ADMICODE": 21, "WR_DIST_NO": 30, "DEPTID": 5, "DRAINAGE_A": "282.89", "LEVEL0": "1687", "OBSERVE": "1", "RESERVOIR": "2", "REMARKS": "NULL", "TM_X97": 178831.24, "TM_Y97": 2599596.84, "ISCROSSRIV": "1", "TRINO1": 1550, "TRINO2": "NULL", "TRINO3": "NULL", "DAMAREA": null, "DISUMMARY": null, "OBSITEMS": "0,1,2", "REPLACE_ST": "NULL", "OBSREMARKS": "NULL", "BASIN_NAME": "朴子溪", "alert_level_1": 11.3, "alert_level_2": 10.2, "alert_level_3": 9.0, "camera_sta": null, "camera_id": null, "camera_sourceid": null }, "geometry": { "type": "Point", "coordinates": [ 120.303183375184304, 23.497949554932273 ] } },
{ "type": "Feature", "properties": { "ST_NO": "1550H014", "NAME_C": "仁弘橋", "ADDR_C": "嘉義縣民雄鄉秀林村林子尾（仁弘橋）", "ADMICODE": 12, "WR_DIST_NO": 20, "DEPTID": 5, "DRAINAGE_A": "0", "LEVEL0": "3513", "OBSERVE": null, "RESERVOIR": null, "REMARKS": null, "TM_X97": 197101.9, "TM_Y97": 2601136.6, "ISCROSSRIV": "1", "TRINO1": 1550, "TRINO2": null, "TRINO3": null, "DAMAREA": "NULL", "DISUMMARY": null, "OBSITEMS": "0", "REPLACE_ST": "NULL", "OBSREMARKS": "NULL", "BASIN_NAME": "朴子溪", "alert_level_1": 31.3, "alert_level_2": 30.5, "alert_level_3": null, "camera_sta": "朴子溪仁弘橋", "camera_id": "3895", "camera_sourceid": "21" }, "geometry": { "type": "Point", "coordinates": [ 120.482011243336302, 23.512550600307559 ] } },
{ "type": "Feature", "properties": { "ST_NO": "1550H016", "NAME_C": "麻魚寮橋", "ADDR_C": "嘉義縣太保市麻寮里麻太路（麻魚寮橋）", "ADMICODE": 21, "WR_DIST_NO": 30, "DEPTID": 5, "DRAINAGE_A": "NULL", "LEVEL0": "1956", "OBSERVE": null, "RESERVOIR": null, "REMARKS": "NULL", "TM_X97": 185458.8, "TM_Y97": 2599755.34, "ISCROSSRIV": "1", "TRINO1": 1550, "TRINO2": "NULL", "TRINO3": "NULL", "DAMAREA": null, "DISUMMARY": null, "OBSITEMS": "0", "REPLACE_ST": "NULL", "OBSREMARKS": "NULL", "BASIN_NAME": "朴子溪", "alert_level_1": null, "alert_level_2": null, "alert_level_3": null, "camera_sta": null, "camera_id": null, "camera_sourceid": null }, "geometry": { "type": "Point", "coordinates": [ 120.368064078006057, 23.499657439597588 ] } },
{ "type": "Feature", "properties": { "ST_NO": "1550H017", "NAME_C": "牛稠溪橋(1)", "ADDR_C": "嘉義市荖藤里", "ADMICODE": 20, "WR_DIST_NO": 30, "DEPTID": 5, "DRAINAGE_A": "NULL", "LEVEL0": "2901", "OBSERVE": "NULL", "RESERVOIR": "NULL", "REMARKS": "NULL", "TM_X97": 193147.0, "TM_Y97": 2601262.0, "ISCROSSRIV": "1", "TRINO1": 1550, "TRINO2": "155010", "TRINO3": null, "DAMAREA": null, "DISUMMARY": null, "OBSITEMS": "0,1,2", "REPLACE_ST": "NULL", "OBSREMARKS": "NULL", "BASIN_NAME": "朴子溪", "alert_level_1": 24.1, "alert_level_2": 21.6, "alert_level_3": null, "camera_sta": "民雄牛稠溪橋", "camera_id": "35", "camera_sourceid": "1" }, "geometry": { "type": "Point", "coordinates": [ 120.443280682030831, 23.513549305268882 ] } },
{ "type": "Feature", "properties": { "ST_NO": "1550H018", "NAME_C": "東石大橋", "ADDR_C": "嘉義縣東石鄉東石大橋", "ADMICODE": 12, "WR_DIST_NO": 20, "DEPTID": 5, "DRAINAGE_A": "0", "LEVEL0": "597", "OBSERVE": "NULL", "RESERVOIR": "NULL", "REMARKS": null, "TM_X97": 166033.9, "TM_Y97": 2595339.6, "ISCROSSRIV": "1", "TRINO1": 1550, "TRINO2": null, "TRINO3": null, "DAMAREA": "NULL", "DISUMMARY": null, "OBSITEMS": "0", "REPLACE_ST": "NULL", "OBSREMARKS": "NULL", "BASIN_NAME": "朴子溪", "alert_level_1": 5.5, "alert_level_2": 3.9, "alert_level_3": null, "camera_sta": null, "camera_id": null, "camera_sourceid": null }, "geometry": { "type": "Point", "coordinates": [ 120.178131473048552, 23.458899130126561 ] } },
{ "type": "Feature", "properties": { "ST_NO": "1290H002", "NAME_C": "新埔(2)", "ADDR_C": "新竹縣新埔鎮文山里新埔橋", "ADMICODE": 19, "WR_DIST_NO": 10, "DEPTID": 2, "DRAINAGE_A": "208.06", "LEVEL0": "5133", "OBSERVE": "1", "RESERVOIR": "1", "REMARKS": "NULL", "TM_X97": 256634.0, "TM_Y97": 2746487.1, "ISCROSSRIV": "1", "TRINO1": 1290, "TRINO2": "NULL", "TRINO3": "NULL", "DAMAREA": null, "DISUMMARY": null, "OBSITEMS": "0,1,2", "REPLACE_ST": "NULL", "OBSREMARKS": "NULL", "BASIN_NAME": "鳳山溪", "alert_level_1": 45.2, "alert_level_2": 44.4, "alert_level_3": 44.1, "camera_sta": "新埔橋", "camera_id": "73", "camera_sourceid": "1" }, "geometry": { "type": "Point", "coordinates": [ 121.065629985027115, 24.825821873428598 ] } },
{ "type": "Feature", "properties": { "ST_NO": "1290H004", "NAME_C": "關西", "ADDR_C": "新竹縣關西鎮南山里", "ADMICODE": 19, "WR_DIST_NO": 10, "DEPTID": 2, "DRAINAGE_A": "101.17", "LEVEL0": "10600", "OBSERVE": "2", "RESERVOIR": "2", "REMARKS": "NULL", "TM_X97": 267330.54, "TM_Y97": 2742389.12, "ISCROSSRIV": "1", "TRINO1": 1290, "TRINO2": "NULL", "TRINO3": "NULL", "DAMAREA": null, "DISUMMARY": null, "OBSITEMS": "0", "REPLACE_ST": "NULL", "OBSREMARKS": "NULL", "BASIN_NAME": "鳳山溪", "alert_level_1": null, "alert_level_2": null, "alert_level_3": null, "camera_sta": null, "camera_id": null, "camera_sourceid": null }, "geometry": { "type": "Point", "coordinates": [ 121.171399427750032, 24.788739061917685 ] } },
{ "type": "Feature", "properties": { "ST_NO": "1290H006", "NAME_C": "三聖橋", "ADDR_C": "新竹縣新埔鎮四座里三聖橋", "ADMICODE": 19, "WR_DIST_NO": 10, "DEPTID": 2, "DRAINAGE_A": "NULL", "LEVEL0": "NULL", "OBSERVE": "NULL", "RESERVOIR": "NULL", "REMARKS": "NULL", "TM_X97": 259846.95, "TM_Y97": 2747239.54, "ISCROSSRIV": "1", "TRINO1": 1290, "TRINO2": "129010", "TRINO3": null, "DAMAREA": null, "DISUMMARY": null, "OBSITEMS": "0", "REPLACE_ST": "NULL", "OBSREMARKS": "NULL", "BASIN_NAME": "鳳山溪", "alert_level_1": null, "alert_level_2": null, "alert_level_3": null, "camera_sta": null, "camera_id": null, "camera_sourceid": null }, "geometry": { "type": "Point", "coordinates": [ 121.097420898225607, 24.832598005931029 ] } },
{ "type": "Feature", "properties": { "ST_NO": "1290H007", "NAME_C": "鳳山溪橋", "ADDR_C": "新竹縣竹北市", "ADMICODE": 19, "WR_DIST_NO": 10, "DEPTID": 2, "DRAINAGE_A": "NULL", "LEVEL0": "NULL", "OBSERVE": "NULL", "RESERVOIR": "NULL", "REMARKS": null, "TM_X97": 250431.75, "TM_Y97": 2749406.03, "ISCROSSRIV": "1", "TRINO1": 1290, "TRINO2": null, "TRINO3": null, "DAMAREA": "NULL", "DISUMMARY": null, "OBSITEMS": "0", "REPLACE_ST": "NULL", "OBSREMARKS": "NULL", "BASIN_NAME": "鳳山溪", "alert_level_1": null, "alert_level_2": null, "alert_level_3": null, "camera_sta": null, "camera_id": null, "camera_sourceid": null }, "geometry": { "type": "Point", "coordinates": [ 121.00427219681491, 24.852190001355716 ] } },
{ "type": "Feature", "properties": { "ST_NO": "1540H009", "NAME_C": "北港(2)", "ADDR_C": "雲林縣北港鎮南安里（北港大橋）", "ADMICODE": 17, "WR_DIST_NO": 20, "DEPTID": 5, "DRAINAGE_A": "597.46", "LEVEL0": "1616", "OBSERVE": "1", "RESERVOIR": "1", "REMARKS": "NULL", "TM_X97": 178666.5, "TM_Y97": 2606705.3, "ISCROSSRIV": "1", "TRINO1": 1540, "TRINO2": "NULL", "TRINO3": "NULL", "DAMAREA": null, "DISUMMARY": null, "OBSITEMS": "0,1,2", "REPLACE_ST": "NULL", "OBSREMARKS": "NULL", "BASIN_NAME": "北港溪", "alert_level_1": 11.0, "alert_level_2": 10.0, "alert_level_3": 5.6, "camera_sta": null, "camera_id": null, "camera_sourceid": null }, "geometry": { "type": "Point", "coordinates": [ 120.301231619750013, 23.562127839002521 ] } },
{ "type": "Feature", "properties": { "ST_NO": "1540H014", "NAME_C": "溪口", "ADDR_C": "嘉義縣溪口鄉溪北村（和平橋）", "ADMICODE": 21, "WR_DIST_NO": 30, "DEPTID": 5, "DRAINAGE_A": "129.38", "LEVEL0": "2180", "OBSERVE": "1", "RESERVOIR": "2", "REMARKS": null, "TM_X97": 188703.93, "TM_Y97": 2611816.59, "ISCROSSRIV": "1", "TRINO1": 1540, "TRINO2": "154020", "TRINO3": null, "DAMAREA": "NULL", "DISUMMARY": null, "OBSITEMS": "0,1,2", "REPLACE_ST": "NULL", "OBSREMARKS": "NULL", "BASIN_NAME": "北港溪", "alert_level_1": 17.5, "alert_level_2": 15.3, "alert_level_3": 12.2, "camera_sta": "和平橋", "camera_id": "4191", "camera_sourceid": "3" }, "geometry": { "type": "Point", "coordinates": [ 120.399341674430602, 23.608691351419129 ] } },
{ "type": "Feature", "properties": { "ST_NO": "1540H029", "NAME_C": "土庫大橋", "ADDR_C": "雲林縣虎尾鎮延平里（土庫大橋）", "ADMICODE": 17, "WR_DIST_NO": 20, "DEPTID": 5, "DRAINAGE_A": "253.22", "LEVEL0": "2711", "OBSERVE": "1", "RESERVOIR": "1", "REMARKS": "NULL", "TM_X97": 190720.23, "TM_Y97": 2619858.22, "ISCROSSRIV": "1", "TRINO1": 1540, "TRINO2": "NULL", "TRINO3": "NULL", "DAMAREA": null, "DISUMMARY": null, "OBSITEMS": "0,1,2", "REPLACE_ST": "NULL", "OBSREMARKS": "NULL", "BASIN_NAME": "北港溪", "alert_level_1": 22.0, "alert_level_2": 20.0, "alert_level_3": 18.5, "camera_sta": "土庫大橋", "camera_id": "4194", "camera_sourceid": "3" }, "geometry": { "type": "Point", "coordinates": [ 120.418778583121664, 23.681378653425984 ] } },
{ "type": "Feature", "properties": { "ST_NO": "1540H030", "NAME_C": "大湖口溪橋", "ADDR_C": "雲林縣斗南鎮石溪里（大湖口溪橋）", "ADMICODE": 17, "WR_DIST_NO": 20, "DEPTID": 5, "DRAINAGE_A": "38.58", "LEVEL0": "3565", "OBSERVE": "1", "RESERVOIR": "1", "REMARKS": null, "TM_X97": 196380.7, "TM_Y97": 2617752.3, "ISCROSSRIV": "1", "TRINO1": 1540, "TRINO2": "154030", "TRINO3": null, "DAMAREA": "NULL", "DISUMMARY": null, "OBSITEMS": "0", "REPLACE_ST": "NULL", "OBSREMARKS": "NULL", "BASIN_NAME": "北港溪", "alert_level_1": 32.0, "alert_level_2": 31.0, "alert_level_3": null, "camera_sta": "大湖口溪橋", "camera_id": "3891", "camera_sourceid": "21" }, "geometry": { "type": "Point", "coordinates": [ 120.474352038568213, 23.662561393769824 ] } },
{ "type": "Feature", "properties": { "ST_NO": "1540H031", "NAME_C": "西結橋", "ADDR_C": "嘉義縣溪口鄉游東村（西結橋）", "ADMICODE": 21, "WR_DIST_NO": 30, "DEPTID": 5, "DRAINAGE_A": "NULL", "LEVEL0": "2192", "OBSERVE": null, "RESERVOIR": null, "REMARKS": null, "TM_X97": 190039.58, "TM_Y97": 2612658.45, "ISCROSSRIV": "1", "TRINO1": 1540, "TRINO2": "154020", "TRINO3": "154022", "DAMAREA": "NULL", "DISUMMARY": null, "OBSITEMS": "0", "REPLACE_ST": "NULL", "OBSREMARKS": "NULL", "BASIN_NAME": "北港溪", "alert_level_1": 18.3, "alert_level_2": 16.8, "alert_level_3": null, "camera_sta": null, "camera_id": null, "camera_sourceid": null }, "geometry": { "type": "Point", "coordinates": [ 120.412395674979706, 23.616343057709251 ] } },
{ "type": "Feature", "properties": { "ST_NO": "1540H032", "NAME_C": "雙東大橋", "ADDR_C": "雲林縣斗南鎮小東南路（雙東大橋）", "ADMICODE": 17, "WR_DIST_NO": 20, "DEPTID": 5, "DRAINAGE_A": "NULL", "LEVEL0": "2874", "OBSERVE": "NULL", "RESERVOIR": "NULL", "REMARKS": null, "TM_X97": 195410.7, "TM_Y97": 2620593.1, "ISCROSSRIV": "1", "TRINO1": 1540, "TRINO2": "154040", "TRINO3": null, "DAMAREA": "NULL", "DISUMMARY": null, "OBSITEMS": "0", "REPLACE_ST": "NULL", "OBSREMARKS": "NULL", "BASIN_NAME": "北港溪", "alert_level_1": 28.3, "alert_level_2": 26.8, "alert_level_3": null, "camera_sta": "平和堤防", "camera_id": "1166", "camera_sourceid": "10" }, "geometry": { "type": "Point", "coordinates": [ 120.464738651243991, 23.688180032558787 ] } },
{ "type": "Feature", "properties": { "ST_NO": "1540H033", "NAME_C": "田頭橋", "ADDR_C": "雲林縣斗南鎮延平路1段（田頭橋）", "ADMICODE": 17, "WR_DIST_NO": 20, "DEPTID": 5, "DRAINAGE_A": "NULL", "LEVEL0": "3366", "OBSERVE": null, "RESERVOIR": null, "REMARKS": "NULL", "TM_X97": 197422.95, "TM_Y97": 2622130.3, "ISCROSSRIV": "1", "TRINO1": 1540, "TRINO2": "NULL", "TRINO3": "NULL", "DAMAREA": null, "DISUMMARY": null, "OBSITEMS": "0", "REPLACE_ST": "NULL", "OBSREMARKS": "NULL", "BASIN_NAME": "北港溪", "alert_level_1": 28.0, "alert_level_2": 26.9, "alert_level_3": null, "camera_sta": null, "camera_id": null, "camera_sourceid": null }, "geometry": { "type": "Point", "coordinates": [ 120.484414111541838, 23.70212722558059 ] } },
{ "type": "Feature", "properties": { "ST_NO": "1540H035", "NAME_C": "梅南橋", "ADDR_C": "雲林縣斗六市梅南橋", "ADMICODE": 17, "WR_DIST_NO": 20, "DEPTID": 5, "DRAINAGE_A": "NULL", "LEVEL0": "9293", "OBSERVE": "NULL", "RESERVOIR": "NULL", "REMARKS": "NULL", "TM_X97": 209206.0, "TM_Y97": 2621946.0, "ISCROSSRIV": "1", "TRINO1": 1540, "TRINO2": "154010", "TRINO3": "154011", "DAMAREA": null, "DISUMMARY": null, "OBSITEMS": "0", "REPLACE_ST": "NULL", "OBSREMARKS": "NULL", "BASIN_NAME": "北港溪", "alert_level_1": 91.6, "alert_level_2": 90.7, "alert_level_3": null, "camera_sta": null, "camera_id": null, "camera_sourceid": null }, "geometry": { "type": "Point", "coordinates": [ 120.599964702970027, 23.700804803698503 ] } },
{ "type": "Feature", "properties": { "ST_NO": "1540H036", "NAME_C": "雲嘉大橋", "ADDR_C": "雲林縣口湖鄉雲嘉大橋", "ADMICODE": 17, "WR_DIST_NO": 20, "DEPTID": 5, "DRAINAGE_A": "NULL", "LEVEL0": "681", "OBSERVE": "NULL", "RESERVOIR": "NULL", "REMARKS": "NULL", "TM_X97": 166070.28, "TM_Y97": 2601479.96, "ISCROSSRIV": "1", "TRINO1": 1540, "TRINO2": null, "TRINO3": null, "DAMAREA": null, "DISUMMARY": null, "OBSITEMS": "0", "REPLACE_ST": "NULL", "OBSREMARKS": "NULL", "BASIN_NAME": "北港溪", "alert_level_1": 5.6, "alert_level_2": 3.7, "alert_level_3": null, "camera_sta": null, "camera_id": null, "camera_sourceid": null }, "geometry": { "type": "Point", "coordinates": [ 120.178143956180989, 23.514343819093959 ] } },
{ "type": "Feature", "properties": { "ST_NO": "1540H038", "NAME_C": "斗山橋", "ADDR_C": "雲林縣斗六市斗山橋", "ADMICODE": 17, "WR_DIST_NO": 20, "DEPTID": 5, "DRAINAGE_A": "NULL", "LEVEL0": "6213", "OBSERVE": "NULL", "RESERVOIR": "NULL", "REMARKS": null, "TM_X97": 205903.2, "TM_Y97": 2622183.1, "ISCROSSRIV": "1", "TRINO1": 1540, "TRINO2": "154010", "TRINO3": "154013", "DAMAREA": "NULL", "DISUMMARY": null, "OBSITEMS": "0", "REPLACE_ST": "NULL", "OBSREMARKS": "NULL", "BASIN_NAME": "北港溪", "alert_level_1": 58.9, "alert_level_2": 57.8, "alert_level_3": null, "camera_sta": null, "camera_id": null, "camera_sourceid": null }, "geometry": { "type": "Point", "coordinates": [ 120.567570327066193, 23.702858650906247 ] } },
{ "type": "Feature", "properties": { "ST_NO": "1540H039", "NAME_C": "中興橋", "ADDR_C": "嘉義縣大林鎮中興橋", "ADMICODE": 21, "WR_DIST_NO": 30, "DEPTID": 5, "DRAINAGE_A": "NULL", "LEVEL0": "4412", "OBSERVE": "NULL", "RESERVOIR": "NULL", "REMARKS": null, "TM_X97": 197720.0, "TM_Y97": 2607888.0, "ISCROSSRIV": "1", "TRINO1": 1540, "TRINO2": "154020", "TRINO3": null, "DAMAREA": "NULL", "DISUMMARY": null, "OBSITEMS": "0", "REPLACE_ST": "NULL", "OBSREMARKS": "NULL", "BASIN_NAME": "北港溪", "alert_level_1": null, "alert_level_2": null, "alert_level_3": null, "camera_sta": null, "camera_id": null, "camera_sourceid": null }, "geometry": { "type": "Point", "coordinates": [ 120.487827557117043, 23.573534068103243 ] } },
{ "type": "Feature", "properties": { "ST_NO": "1280H001", "NAME_C": "德盛橋", "ADDR_C": "新竹縣湖口鄉廣盛村", "ADMICODE": 19, "WR_DIST_NO": 10, "DEPTID": 2, "DRAINAGE_A": "NULL", "LEVEL0": "7614", "OBSERVE": "NULL", "RESERVOIR": "NULL", "REMARKS": "NULL", "TM_X97": 254554.41, "TM_Y97": 2755562.29, "ISCROSSRIV": "0", "TRINO1": 1280, "TRINO2": "NULL", "TRINO3": "NULL", "DAMAREA": null, "DISUMMARY": null, "OBSITEMS": "0", "REPLACE_ST": "NULL", "OBSREMARKS": "NULL", "BASIN_NAME": "新豐溪", "alert_level_1": null, "alert_level_2": null, "alert_level_3": null, "camera_sta": null, "camera_id": null, "camera_sourceid": null }, "geometry": { "type": "Point", "coordinates": [ 121.045086371349512, 24.907765215105041 ] } },
{ "type": "Feature", "properties": { "ST_NO": "1270H001", "NAME_C": "后興橋", "ADDR_C": "桃園市新屋區後庄里", "ADMICODE": 13, "WR_DIST_NO": 10, "DEPTID": 2, "DRAINAGE_A": "NULL", "LEVEL0": "3021", "OBSERVE": null, "RESERVOIR": null, "REMARKS": "NULL", "TM_X97": 252428.46, "TM_Y97": 2759253.18, "ISCROSSRIV": "1", "TRINO1": 1270, "TRINO2": "NULL", "TRINO3": "NULL", "DAMAREA": null, "DISUMMARY": null, "OBSITEMS": "0", "REPLACE_ST": "NULL", "OBSREMARKS": "NULL", "BASIN_NAME": "福興溪排水", "alert_level_1": null, "alert_level_2": null, "alert_level_3": null, "camera_sta": null, "camera_id": null, "camera_sourceid": null }, "geometry": { "type": "Point", "coordinates": [ 121.024046998795413, 24.941093194233872 ] } },
{ "type": "Feature", "properties": { "ST_NO": "1010H006", "NAME_C": "新磺溪橋(即時)", "ADDR_C": null, "ADMICODE": 4, "WR_DIST_NO": 10, "DEPTID": 10, "DRAINAGE_A": "NULL", "LEVEL0": "NULL", "OBSERVE": "NULL", "RESERVOIR": "NULL", "REMARKS": null, "TM_X97": 313411.44, "TM_Y97": 2790930.63, "ISCROSSRIV": "1", "TRINO1": 1010, "TRINO2": null, "TRINO3": null, "DAMAREA": "NULL", "DISUMMARY": null, "OBSITEMS": "0", "REPLACE_ST": "NULL", "OBSREMARKS": "NULL", "BASIN_NAME": "磺溪", "alert_level_1": 5.8, "alert_level_2": 4.6, "alert_level_3": null, "camera_sta": null, "camera_id": null, "camera_sourceid": null }, "geometry": { "type": "Point", "coordinates": [ 121.629355967956457, 25.225747992849616 ] } },
{ "type": "Feature", "properties": { "ST_NO": "1010H007", "NAME_C": "磺溪河口", "ADDR_C": "新北市金山區", "ADMICODE": 4, "WR_DIST_NO": 10, "DEPTID": 10, "DRAINAGE_A": "NULL", "LEVEL0": "NULL", "OBSERVE": "NULL", "RESERVOIR": "NULL", "REMARKS": "NULL", "TM_X97": 314330.7, "TM_Y97": 2791375.77, "ISCROSSRIV": "NULL", "TRINO1": 1140, "TRINO2": null, "TRINO3": "NULL", "DAMAREA": "NULL", "DISUMMARY": "NULL", "OBSITEMS": "NULL", "REPLACE_ST": "NULL", "OBSREMARKS": "NULL", "BASIN_NAME": "磺溪", "alert_level_1": null, "alert_level_2": null, "alert_level_3": null, "camera_sta": null, "camera_id": null, "camera_sourceid": null }, "geometry": { "type": "Point", "coordinates": [ 121.638500125521318, 25.229727380764427 ] } },
{ "type": "Feature", "properties": { "ST_NO": "1140H162", "NAME_C": "三和橋", "ADDR_C": "新北市金山區", "ADMICODE": 4, "WR_DIST_NO": 10, "DEPTID": 10, "DRAINAGE_A": "NULL", "LEVEL0": "NULL", "OBSERVE": "NULL", "RESERVOIR": "NULL", "REMARKS": "NULL", "TM_X97": 310840.06, "TM_Y97": 2790035.39, "ISCROSSRIV": "NULL", "TRINO1": 1140, "TRINO2": "NULL", "TRINO3": "NULL", "DAMAREA": "NULL", "DISUMMARY": "NULL", "OBSITEMS": "NULL", "REPLACE_ST": "NULL", "OBSREMARKS": "NULL", "BASIN_NAME": "磺溪", "alert_level_1": null, "alert_level_2": null, "alert_level_3": null, "camera_sta": null, "camera_id": null, "camera_sourceid": null }, "geometry": { "type": "Point", "coordinates": [ 121.603796370541758, 25.217772587471224 ] } },
{ "type": "Feature", "properties": { "ST_NO": "2560H006", "NAME_C": "蘭陽大橋", "ADDR_C": "宜蘭縣羅東鎮復興村", "ADMICODE": 8, "WR_DIST_NO": 10, "DEPTID": 1, "DRAINAGE_A": "820.69", "LEVEL0": "1123.7", "OBSERVE": "1", "RESERVOIR": "1", "REMARKS": null, "TM_X97": 328092.9, "TM_Y97": 2734549.9, "ISCROSSRIV": "1", "TRINO1": 2560, "TRINO2": null, "TRINO3": null, "DAMAREA": "NULL", "DISUMMARY": null, "OBSITEMS": "0,1,2,4", "REPLACE_ST": "NULL", "OBSREMARKS": "NULL", "BASIN_NAME": "蘭陽溪", "alert_level_1": 7.7, "alert_level_2": 6.7, "alert_level_3": 5.6, "camera_sta": "五結蘭陽大橋", "camera_id": "29", "camera_sourceid": "1" }, "geometry": { "type": "Point", "coordinates": [ 121.771876995992173, 24.716073489292693 ] } },
{ "type": "Feature", "properties": { "ST_NO": "2560H017", "NAME_C": "家源橋", "ADDR_C": "宜蘭縣大同鄉土場村", "ADMICODE": 8, "WR_DIST_NO": 10, "DEPTID": 1, "DRAINAGE_A": "273.5", "LEVEL0": "36600", "OBSERVE": "1", "RESERVOIR": "1", "REMARKS": null, "TM_X97": 299814.86, "TM_Y97": 2719157.47, "ISCROSSRIV": "1", "TRINO1": 2560, "TRINO2": null, "TRINO3": null, "DAMAREA": "NULL", "DISUMMARY": null, "OBSITEMS": "0,1,2", "REPLACE_ST": "NULL", "OBSREMARKS": "NULL", "BASIN_NAME": "蘭陽溪", "alert_level_1": 372.8, "alert_level_2": 372.0, "alert_level_3": null, "camera_sta": null, "camera_id": null, "camera_sourceid": null }, "geometry": { "type": "Point", "coordinates": [ 121.491840150664657, 24.578281126285152 ] } },
{ "type": "Feature", "properties": { "ST_NO": "2560H019", "NAME_C": "西門橋", "ADDR_C": "宜蘭縣宜蘭市文昌路", "ADMICODE": 8, "WR_DIST_NO": 10, "DEPTID": 1, "DRAINAGE_A": "101.35", "LEVEL0": "1503", "OBSERVE": "1", "RESERVOIR": "1", "REMARKS": "原中山橋,20081118更名", "TM_X97": 325285.49, "TM_Y97": 2739172.95, "ISCROSSRIV": "1", "TRINO1": 2560, "TRINO2": "256020", "TRINO3": null, "DAMAREA": "NULL", "DISUMMARY": null, "OBSITEMS": "0,1,2", "REPLACE_ST": "NULL", "OBSREMARKS": "NULL", "BASIN_NAME": "蘭陽溪", "alert_level_1": 8.9, "alert_level_2": 8.2, "alert_level_3": 6.8, "camera_sta": "宜蘭西門橋", "camera_id": "28", "camera_sourceid": "1" }, "geometry": { "type": "Point", "coordinates": [ 121.74437860397768, 24.757950293726495 ] } },
{ "type": "Feature", "properties": { "ST_NO": "2560H020", "NAME_C": "噶瑪蘭橋", "ADDR_C": "宜蘭縣壯圍鄉", "ADMICODE": 8, "WR_DIST_NO": 10, "DEPTID": 1, "DRAINAGE_A": "149.06", "LEVEL0": "200", "OBSERVE": "1", "RESERVOIR": "1", "REMARKS": "原興蘭橋,20081118更名", "TM_X97": 333018.5, "TM_Y97": 2734897.0, "ISCROSSRIV": "1", "TRINO1": 2560, "TRINO2": "256020", "TRINO3": null, "DAMAREA": "NULL", "DISUMMARY": null, "OBSITEMS": "0", "REPLACE_ST": "NULL", "OBSREMARKS": "NULL", "BASIN_NAME": "蘭陽溪", "alert_level_1": 3.6, "alert_level_2": 2.5, "alert_level_3": null, "camera_sta": "?後第二中排水門-2", "camera_id": "3104", "camera_sourceid": "20" }, "geometry": { "type": "Point", "coordinates": [ 121.820578789327413, 24.718948642987129 ] } },
{ "type": "Feature", "properties": { "ST_NO": "2560H022", "NAME_C": "清水大橋", "ADDR_C": "宜蘭縣大同鄉復興村", "ADMICODE": 8, "WR_DIST_NO": 10, "DEPTID": 1, "DRAINAGE_A": "149.06", "LEVEL0": "20496.6", "OBSERVE": "NULL", "RESERVOIR": "NULL", "REMARKS": null, "TM_X97": 312100.0, "TM_Y97": 2725724.0, "ISCROSSRIV": "1", "TRINO1": 2560, "TRINO2": "256030", "TRINO3": null, "DAMAREA": "NULL", "DISUMMARY": null, "OBSITEMS": "0,1,2", "REPLACE_ST": "NULL", "OBSREMARKS": "NULL", "BASIN_NAME": "蘭陽溪", "alert_level_1": 198.6, "alert_level_2": 197.5, "alert_level_3": null, "camera_sta": null, "camera_id": null, "camera_sourceid": null }, "geometry": { "type": "Point", "coordinates": [ 121.613419901394536, 24.637121104202333 ] } },
{ "type": "Feature", "properties": { "ST_NO": "2560H023", "NAME_C": "北成橋", "ADDR_C": "宜蘭縣羅東鎮北成橋", "ADMICODE": 8, "WR_DIST_NO": 10, "DEPTID": 1, "DRAINAGE_A": "0", "LEVEL0": "2174", "OBSERVE": "NULL", "RESERVOIR": "NULL", "REMARKS": null, "TM_X97": 325552.5, "TM_Y97": 2730929.8, "ISCROSSRIV": "1", "TRINO1": 2560, "TRINO2": "256010", "TRINO3": null, "DAMAREA": "NULL", "DISUMMARY": null, "OBSITEMS": "0,1,2", "REPLACE_ST": "NULL", "OBSREMARKS": "NULL", "BASIN_NAME": "蘭陽溪", "alert_level_1": 17.2, "alert_level_2": 16.2, "alert_level_3": null, "camera_sta": null, "camera_id": null, "camera_sourceid": null }, "geometry": { "type": "Point", "coordinates": [ 121.746574344163264, 24.683518410104089 ] } },
{ "type": "Feature", "properties": { "ST_NO": "2560H024", "NAME_C": "牛鬥(3)", "ADDR_C": "宜蘭縣大同鄉牛鬥村牛鬥橋", "ADMICODE": 8, "WR_DIST_NO": 10, "DEPTID": 1, "DRAINAGE_A": "NULL", "LEVEL0": "21698", "OBSERVE": "NULL", "RESERVOIR": "NULL", "REMARKS": null, "TM_X97": 307428.4, "TM_Y97": 2726286.3, "ISCROSSRIV": "1", "TRINO1": 2560, "TRINO2": null, "TRINO3": null, "DAMAREA": "NULL", "DISUMMARY": null, "OBSITEMS": "0,1,2", "REPLACE_ST": "NULL", "OBSREMARKS": "NULL", "BASIN_NAME": "蘭陽溪", "alert_level_1": 208.1, "alert_level_2": 206.8, "alert_level_3": null, "camera_sta": null, "camera_id": null, "camera_sourceid": null }, "geometry": { "type": "Point", "coordinates": [ 121.567298907053072, 24.642378924178029 ] } },
{ "type": "Feature", "properties": { "ST_NO": "2560H025", "NAME_C": "蘭陽大橋(2)", "ADDR_C": "宜蘭縣羅東鎮復興村", "ADMICODE": 8, "WR_DIST_NO": 10, "DEPTID": 1, "DRAINAGE_A": "NULL", "LEVEL0": "NULL", "OBSERVE": "NULL", "RESERVOIR": "NULL", "REMARKS": null, "TM_X97": 328134.13, "TM_Y97": 2734304.36, "ISCROSSRIV": "1", "TRINO1": 2560, "TRINO2": null, "TRINO3": null, "DAMAREA": "NULL", "DISUMMARY": null, "OBSITEMS": "0", "REPLACE_ST": "NULL", "OBSREMARKS": "NULL", "BASIN_NAME": "蘭陽溪", "alert_level_1": 7.7, "alert_level_2": 6.7, "alert_level_3": 5.6, "camera_sta": "五結蘭陽大橋", "camera_id": "29", "camera_sourceid": "1" }, "geometry": { "type": "Point", "coordinates": [ 121.772270810938267, 24.713854680580109 ] } },
{ "type": "Feature", "properties": { "ST_NO": "2560H026", "NAME_C": "家源橋(2)", "ADDR_C": "宜蘭縣大同鄉土場村", "ADMICODE": 8, "WR_DIST_NO": 10, "DEPTID": 1, "DRAINAGE_A": "273.5", "LEVEL0": "36600", "OBSERVE": "NULL", "RESERVOIR": "NULL", "REMARKS": null, "TM_X97": 299814.86, "TM_Y97": 2719157.47, "ISCROSSRIV": "1", "TRINO1": 2560, "TRINO2": null, "TRINO3": null, "DAMAREA": "NULL", "DISUMMARY": null, "OBSITEMS": "0,1,2", "REPLACE_ST": "NULL", "OBSREMARKS": "NULL", "BASIN_NAME": "蘭陽溪", "alert_level_1": 372.8, "alert_level_2": 372.0, "alert_level_3": null, "camera_sta": null, "camera_id": null, "camera_sourceid": null }, "geometry": { "type": "Point", "coordinates": [ 121.491840150664657, 24.578281126285152 ] } },
{ "type": "Feature", "properties": { "ST_NO": "1510H049", "NAME_C": "內茅埔", "ADDR_C": "南投縣信義鄉愛國大橋", "ADMICODE": 10, "WR_DIST_NO": 20, "DEPTID": 4, "DRAINAGE_A": "367.4", "LEVEL0": "48512", "OBSERVE": "1", "RESERVOIR": "2", "REMARKS": "NULL", "TM_X97": 234809.57, "TM_Y97": 2621239.23, "ISCROSSRIV": "1", "TRINO1": 1510, "TRINO2": "151010", "TRINO3": "NULL", "DAMAREA": "集集攔河堰", "DISUMMARY": null, "OBSITEMS": "0,1,2", "REPLACE_ST": "NULL", "OBSREMARKS": "NULL", "BASIN_NAME": "濁水溪", "alert_level_1": 477.6, "alert_level_2": 477.2, "alert_level_3": 474.6, "camera_sta": "愛國橋", "camera_id": "3131", "camera_sourceid": "10" }, "geometry": { "type": "Point", "coordinates": [ 120.851045194153983, 23.694867974618887 ] } },
{ "type": "Feature", "properties": { "ST_NO": "1510H050", "NAME_C": "延平橋", "ADDR_C": "南投縣竹山鎮延平里", "ADMICODE": 10, "WR_DIST_NO": 20, "DEPTID": 4, "DRAINAGE_A": "86.46", "LEVEL0": "16501.2", "OBSERVE": "2", "RESERVOIR": "2", "REMARKS": "配合公路局延平橋修建暫停觀測--97.7.1重新觀測", "TM_X97": 220557.44, "TM_Y97": 2630315.42, "ISCROSSRIV": "1", "TRINO1": 1510, "TRINO2": "151030", "TRINO3": null, "DAMAREA": "NULL", "DISUMMARY": null, "OBSITEMS": "0,1,2", "REPLACE_ST": "NULL", "OBSREMARKS": "NULL", "BASIN_NAME": "濁水溪", "alert_level_1": 163.3, "alert_level_2": 162.7, "alert_level_3": null, "camera_sta": "延平橋", "camera_id": "3135", "camera_sourceid": "10" }, "geometry": { "type": "Point", "coordinates": [ 120.711111621072192, 23.776626381223942 ] } },
{ "type": "Feature", "properties": { "ST_NO": "1510H057", "NAME_C": "彰雲橋", "ADDR_C": "雲林縣林內鄉林北村", "ADMICODE": 17, "WR_DIST_NO": 20, "DEPTID": 4, "DRAINAGE_A": "2906.32", "LEVEL0": "10717", "OBSERVE": "1", "RESERVOIR": "1", "REMARKS": null, "TM_X97": 212908.5, "TM_Y97": 2631311.7, "ISCROSSRIV": "1", "TRINO1": 1510, "TRINO2": null, "TRINO3": null, "DAMAREA": "NULL", "DISUMMARY": "上游有集集攔河堰引水至六輕及林內3號、莿仔埤農田引水灌溉。", "OBSITEMS": "0,1,2,4", "REPLACE_ST": "NULL", "OBSREMARKS": "NULL", "BASIN_NAME": "濁水溪", "alert_level_1": 97.3, "alert_level_2": 96.1, "alert_level_3": 94.5, "camera_sta": "二水鐵路橋", "camera_id": "3125", "camera_sourceid": "10" }, "geometry": { "type": "Point", "coordinates": [ 120.636036763269942, 23.785463802950858 ] } },
{ "type": "Feature", "properties": { "ST_NO": "1510H058", "NAME_C": "自強大橋", "ADDR_C": "彰化縣竹塘鄉內新村", "ADMICODE": 22, "WR_DIST_NO": 20, "DEPTID": 4, "DRAINAGE_A": "2988.88", "LEVEL0": "2800", "OBSERVE": "1", "RESERVOIR": "1", "REMARKS": null, "TM_X97": 188741.51, "TM_Y97": 2637164.21, "ISCROSSRIV": "1", "TRINO1": 1510, "TRINO2": null, "TRINO3": null, "DAMAREA": "NULL", "DISUMMARY": "上游有集集攔河堰引水至六輕及林內3號、莿仔埤農田引水灌溉。", "OBSITEMS": "0", "REPLACE_ST": "NULL", "OBSREMARKS": "NULL", "BASIN_NAME": "濁水溪", "alert_level_1": 19.0, "alert_level_2": 17.6, "alert_level_3": 16.0, "camera_sta": "自強大橋", "camera_id": "3121", "camera_sourceid": "10" }, "geometry": { "type": "Point", "coordinates": [ 120.398661111077814, 23.837566675673791 ] } },
{ "type": "Feature", "properties": { "ST_NO": "1510H063", "NAME_C": "玉峰橋", "ADDR_C": "南投縣水里鄉玉峰村", "ADMICODE": 10, "WR_DIST_NO": 20, "DEPTID": 4, "DRAINAGE_A": "2098.94", "LEVEL0": "27909", "OBSERVE": "1", "RESERVOIR": "2", "REMARKS": null, "TM_X97": 234076.94, "TM_Y97": 2633842.3, "ISCROSSRIV": "1", "TRINO1": 1510, "TRINO2": null, "TRINO3": null, "DAMAREA": "集集攔河堰", "DISUMMARY": "龜頭埤農田引水灌溉", "OBSITEMS": "0,1,2", "REPLACE_ST": "NULL", "OBSREMARKS": "NULL", "BASIN_NAME": "濁水溪", "alert_level_1": 273.6, "alert_level_2": 271.9, "alert_level_3": 268.6, "camera_sta": "玉峰橋下方左岸", "camera_id": "3127", "camera_sourceid": "10" }, "geometry": { "type": "Point", "coordinates": [ 120.843725402411835, 23.808664547266098 ] } },
{ "type": "Feature", "properties": { "ST_NO": "1510H064", "NAME_C": "水里", "ADDR_C": "南投縣水里鄉水里村", "ADMICODE": 10, "WR_DIST_NO": 20, "DEPTID": 4, "DRAINAGE_A": "80.22", "LEVEL0": "27883", "OBSERVE": "1", "RESERVOIR": "2", "REMARKS": null, "TM_X97": 234773.8, "TM_Y97": 2634417.8, "ISCROSSRIV": "1", "TRINO1": 1510, "TRINO2": "151090", "TRINO3": null, "DAMAREA": "集集攔河堰", "DISUMMARY": null, "OBSITEMS": "0,1", "REPLACE_ST": "NULL", "OBSREMARKS": "NULL", "BASIN_NAME": "濁水溪", "alert_level_1": 268.5, "alert_level_2": 267.7, "alert_level_3": null, "camera_sta": "水里玉峰橋", "camera_id": "12", "camera_sourceid": "1" }, "geometry": { "type": "Point", "coordinates": [ 120.850558669214337, 23.813867956057159 ] } },
{ "type": "Feature", "properties": { "ST_NO": "1510H071", "NAME_C": "溪州大橋", "ADDR_C": "彰化縣溪州鄉水尾村", "ADMICODE": 22, "WR_DIST_NO": 20, "DEPTID": 4, "DRAINAGE_A": "2974.73", "LEVEL0": "3960", "OBSERVE": "1", "RESERVOIR": "2", "REMARKS": "NULL", "TM_X97": 195959.7, "TM_Y97": 2633915.5, "ISCROSSRIV": "1", "TRINO1": 1510, "TRINO2": "NULL", "TRINO3": "NULL", "DAMAREA": null, "DISUMMARY": "上游有集集攔河堰引水至六輕及林內3號、莿仔埤農田引水灌溉。", "OBSITEMS": "0,1,2", "REPLACE_ST": "NULL", "OBSREMARKS": "NULL", "BASIN_NAME": "濁水溪", "alert_level_1": 29.8, "alert_level_2": 28.6, "alert_level_3": 26.0, "camera_sta": "西螺大橋", "camera_id": "3122", "camera_sourceid": "10" }, "geometry": { "type": "Point", "coordinates": [ 120.46963458777212, 23.808492956774813 ] } },
{ "type": "Feature", "properties": { "ST_NO": "1510H075", "NAME_C": "寶石橋", "ADDR_C": "南投縣水里鄉民和村", "ADMICODE": 10, "WR_DIST_NO": 20, "DEPTID": 4, "DRAINAGE_A": "1542.39", "LEVEL0": "35640", "OBSERVE": "NULL", "RESERVOIR": "NULL", "REMARKS": null, "TM_X97": 241250.74, "TM_Y97": 2632127.11, "ISCROSSRIV": "1", "TRINO1": 1510, "TRINO2": null, "TRINO3": null, "DAMAREA": "集集攔河堰", "DISUMMARY": null, "OBSITEMS": "0,1,2", "REPLACE_ST": "NULL", "OBSREMARKS": "NULL", "BASIN_NAME": "濁水溪", "alert_level_1": 353.9, "alert_level_2": 352.4, "alert_level_3": null, "camera_sta": null, "camera_id": null, "camera_sourceid": null }, "geometry": { "type": "Point", "coordinates": [ 120.914141730760534, 23.793231978841138 ] } },
{ "type": "Feature", "properties": { "ST_NO": "1510H076", "NAME_C": "西濱大橋", "ADDR_C": "彰化縣大城鄉", "ADMICODE": 22, "WR_DIST_NO": 20, "DEPTID": 4, "DRAINAGE_A": "3150.71", "LEVEL0": "1400", "OBSERVE": "NULL", "RESERVOIR": "NULL", "REMARKS": null, "TM_X97": 177636.52, "TM_Y97": 2636605.57, "ISCROSSRIV": "1", "TRINO1": 1510, "TRINO2": null, "TRINO3": null, "DAMAREA": "NULL", "DISUMMARY": "上游有集集攔河堰引水至六輕及林內3號、莿仔埤農田引水灌溉。", "OBSITEMS": "0", "REPLACE_ST": "NULL", "OBSREMARKS": "NULL", "BASIN_NAME": "濁水溪", "alert_level_1": 9.3, "alert_level_2": 8.4, "alert_level_3": 7.0, "camera_sta": "西濱大橋", "camera_id": "3120", "camera_sourceid": "10" }, "geometry": { "type": "Point", "coordinates": [ 120.289683392805955, 23.832058804223333 ] } },
{ "type": "Feature", "properties": { "ST_NO": "1510H079", "NAME_C": "龍門橋", "ADDR_C": "南投縣竹山鎮鯉南里", "ADMICODE": 10, "WR_DIST_NO": 20, "DEPTID": 4, "DRAINAGE_A": "360", "LEVEL0": "20128", "OBSERVE": "1", "RESERVOIR": "NULL", "REMARKS": "因應桶頭(2)不適合設置測站遷移至下游500公尺之龍門橋觀測", "TM_X97": 215569.32, "TM_Y97": 2618917.52, "ISCROSSRIV": "1", "TRINO1": 1510, "TRINO2": "151020", "TRINO3": null, "DAMAREA": "NULL", "DISUMMARY": null, "OBSITEMS": "0,1,2", "REPLACE_ST": "NULL", "OBSREMARKS": "NULL", "BASIN_NAME": "濁水溪", "alert_level_1": 195.2, "alert_level_2": 194.6, "alert_level_3": null, "camera_sta": "龍門大橋", "camera_id": "3134", "camera_sourceid": "10" }, "geometry": { "type": "Point", "coordinates": [ 120.662434247567532, 23.673606956545107 ] } },
{ "type": "Feature", "properties": { "ST_NO": "1510H080", "NAME_C": "廬山吊橋", "ADDR_C": "南投縣仁愛鄉榮華巷", "ADMICODE": 10, "WR_DIST_NO": 20, "DEPTID": 4, "DRAINAGE_A": "0", "LEVEL0": "108403", "OBSERVE": null, "RESERVOIR": null, "REMARKS": null, "TM_X97": 269040.1, "TM_Y97": 2657536.0, "ISCROSSRIV": "0", "TRINO1": 1510, "TRINO2": null, "TRINO3": null, "DAMAREA": "NULL", "DISUMMARY": null, "OBSITEMS": "0", "REPLACE_ST": "NULL", "OBSREMARKS": "NULL", "BASIN_NAME": "濁水溪", "alert_level_1": null, "alert_level_2": null, "alert_level_3": null, "camera_sta": "廬山", "camera_id": "3128", "camera_sourceid": "10" }, "geometry": { "type": "Point", "coordinates": [ 121.18717418267336, 24.022575847032897 ] } },
{ "type": "Feature", "properties": { "ST_NO": "1510H081", "NAME_C": "永豐橋", "ADDR_C": "南投縣鹿谷鄉", "ADMICODE": 10, "WR_DIST_NO": 20, "DEPTID": 4, "DRAINAGE_A": "NULL", "LEVEL0": "24173", "OBSERVE": null, "RESERVOIR": null, "REMARKS": "NULL", "TM_X97": 227728.6, "TM_Y97": 2632193.4, "ISCROSSRIV": "1", "TRINO1": 1510, "TRINO2": "NULL", "TRINO3": "NULL", "DAMAREA": null, "DISUMMARY": null, "OBSITEMS": "0", "REPLACE_ST": "NULL", "OBSREMARKS": "NULL", "BASIN_NAME": "濁水溪", "alert_level_1": null, "alert_level_2": null, "alert_level_3": null, "camera_sta": null, "camera_id": null, "camera_sourceid": null }, "geometry": { "type": "Point", "coordinates": [ 120.781445740774885, 23.793699701107606 ] } },
{ "type": "Feature", "properties": { "ST_NO": "1510H082", "NAME_C": "和社橋", "ADDR_C": "南投縣信義鄉東埔道路", "ADMICODE": 10, "WR_DIST_NO": 20, "DEPTID": 4, "DRAINAGE_A": "NULL", "LEVEL0": "76835", "OBSERVE": null, "RESERVOIR": null, "REMARKS": "NULL", "TM_X97": 238825.8, "TM_Y97": 2609959.0, "ISCROSSRIV": "1", "TRINO1": 1510, "TRINO2": "NULL", "TRINO3": "NULL", "DAMAREA": null, "DISUMMARY": null, "OBSITEMS": "0", "REPLACE_ST": "NULL", "OBSREMARKS": "NULL", "BASIN_NAME": "濁水溪", "alert_level_1": null, "alert_level_2": null, "alert_level_3": null, "camera_sta": "和社", "camera_id": "3137", "camera_sourceid": "10" }, "geometry": { "type": "Point", "coordinates": [ 120.890512375791005, 23.593040620641176 ] } },
{ "type": "Feature", "properties": { "ST_NO": "1510H083", "NAME_C": "南雲大橋", "ADDR_C": "南投縣竹山鎮南雲大橋", "ADMICODE": 10, "WR_DIST_NO": 20, "DEPTID": 12, "DRAINAGE_A": "NULL", "LEVEL0": "NULL", "OBSERVE": "NULL", "RESERVOIR": "NULL", "REMARKS": null, "TM_X97": 215025.33, "TM_Y97": 2628410.75, "ISCROSSRIV": "1", "TRINO1": 1510, "TRINO2": "151020", "TRINO3": null, "DAMAREA": "NULL", "DISUMMARY": null, "OBSITEMS": "0,1", "REPLACE_ST": "NULL", "OBSREMARKS": "NULL", "BASIN_NAME": "濁水溪", "alert_level_1": null, "alert_level_2": null, "alert_level_3": null, "camera_sta": "南雲橋", "camera_id": "3132", "camera_sourceid": "10" }, "geometry": { "type": "Point", "coordinates": [ 120.656876741636893, 23.759316719145957 ] } },
{ "type": "Feature", "properties": { "ST_NO": "1510H084", "NAME_C": "名竹大橋", "ADDR_C": "南投縣竹山鎮名竹大橋", "ADMICODE": 10, "WR_DIST_NO": 20, "DEPTID": 4, "DRAINAGE_A": "0", "LEVEL0": "16364", "OBSERVE": "NULL", "RESERVOIR": "NULL", "REMARKS": null, "TM_X97": 220100.2, "TM_Y97": 2634729.4, "ISCROSSRIV": "1", "TRINO1": 1510, "TRINO2": null, "TRINO3": null, "DAMAREA": "NULL", "DISUMMARY": null, "OBSITEMS": "0", "REPLACE_ST": "NULL", "OBSREMARKS": "NULL", "BASIN_NAME": "濁水溪", "alert_level_1": 156.5, "alert_level_2": 154.9, "alert_level_3": null, "camera_sta": "名竹橋", "camera_id": "3126", "camera_sourceid": "10" }, "geometry": { "type": "Point", "coordinates": [ 120.706535753480367, 23.816474829737945 ] } },
{ "type": "Feature", "properties": { "ST_NO": "1510H085", "NAME_C": "清水溪橋", "ADDR_C": "雲林縣古坑鄉清水溪", "ADMICODE": 17, "WR_DIST_NO": 20, "DEPTID": 4, "DRAINAGE_A": "NULL", "LEVEL0": "31095", "OBSERVE": "NULL", "RESERVOIR": "NULL", "REMARKS": "NULL", "TM_X97": 214934.53, "TM_Y97": 2610724.72, "ISCROSSRIV": "1", "TRINO1": 1510, "TRINO2": "151020", "TRINO3": "NULL", "DAMAREA": null, "DISUMMARY": null, "OBSITEMS": "0", "REPLACE_ST": "NULL", "OBSREMARKS": "NULL", "BASIN_NAME": "濁水溪", "alert_level_1": null, "alert_level_2": null, "alert_level_3": null, "camera_sta": "清水溪車心崙堰塞湖高潛勢區監測", "camera_id": "3165", "camera_sourceid": "10" }, "geometry": { "type": "Point", "coordinates": [ 120.656403843977742, 23.599613594755738 ] } },
{ "type": "Feature", "properties": { "ST_NO": "1510H086", "NAME_C": "人倫橋", "ADDR_C": "南投縣信義鄉人倫橋", "ADMICODE": 10, "WR_DIST_NO": 20, "DEPTID": 4, "DRAINAGE_A": "0", "LEVEL0": "33339.7", "OBSERVE": "NULL", "RESERVOIR": "NULL", "REMARKS": null, "TM_X97": 237872.7, "TM_Y97": 2631088.3, "ISCROSSRIV": "1", "TRINO1": 1510, "TRINO2": null, "TRINO3": null, "DAMAREA": "NULL", "DISUMMARY": null, "OBSITEMS": "0", "REPLACE_ST": "NULL", "OBSREMARKS": "NULL", "BASIN_NAME": "濁水溪", "alert_level_1": null, "alert_level_2": null, "alert_level_3": null, "camera_sta": null, "camera_id": null, "camera_sourceid": null }, "geometry": { "type": "Point", "coordinates": [ 120.881000924657116, 23.783829724465768 ] } },
{ "type": "Feature", "properties": { "ST_NO": "1510H087", "NAME_C": "興安橋", "ADDR_C": "南投縣信義鄉白布仔路興安橋", "ADMICODE": 10, "WR_DIST_NO": 20, "DEPTID": 4, "DRAINAGE_A": "NULL", "LEVEL0": "44715.4", "OBSERVE": "NULL", "RESERVOIR": "NULL", "REMARKS": "NULL", "TM_X97": 234243.9, "TM_Y97": 2623782.4, "ISCROSSRIV": "1", "TRINO1": 1510, "TRINO2": "151010", "TRINO3": "NULL", "DAMAREA": null, "DISUMMARY": null, "OBSITEMS": "0", "REPLACE_ST": "NULL", "OBSREMARKS": "NULL", "BASIN_NAME": "濁水溪", "alert_level_1": null, "alert_level_2": null, "alert_level_3": null, "camera_sta": "信義", "camera_id": "3130", "camera_sourceid": "10" }, "geometry": { "type": "Point", "coordinates": [ 120.845471303357655, 23.717827082600795 ] } },
{ "type": "Feature", "properties": { "ST_NO": "1510H088", "NAME_C": "鯉魚大橋", "ADDR_C": "南投縣竹山鎮鯉行路鯉魚大橋", "ADMICODE": 10, "WR_DIST_NO": 20, "DEPTID": 4, "DRAINAGE_A": "NULL", "LEVEL0": "15911.5", "OBSERVE": "NULL", "RESERVOIR": "NULL", "REMARKS": "NULL", "TM_X97": 215715.8, "TM_Y97": 2624462.1, "ISCROSSRIV": "1", "TRINO1": 1510, "TRINO2": "151020", "TRINO3": "NULL", "DAMAREA": null, "DISUMMARY": null, "OBSITEMS": "0", "REPLACE_ST": "NULL", "OBSREMARKS": "NULL", "BASIN_NAME": "濁水溪", "alert_level_1": null, "alert_level_2": null, "alert_level_3": null, "camera_sta": "鯉魚橋", "camera_id": "3133", "camera_sourceid": "10" }, "geometry": { "type": "Point", "coordinates": [ 120.663742123387493, 23.723676389965394 ] } },
{ "type": "Feature", "properties": { "ST_NO": "1510H089", "NAME_C": "親愛橋", "ADDR_C": "親愛橋", "ADMICODE": 10, "WR_DIST_NO": 20, "DEPTID": 4, "DRAINAGE_A": "1", "LEVEL0": "86883", "OBSERVE": "NULL", "RESERVOIR": "NULL", "REMARKS": null, "TM_X97": 261959.2, "TM_Y97": 2651519.76, "ISCROSSRIV": "1", "TRINO1": 1510, "TRINO2": null, "TRINO3": null, "DAMAREA": "濁水溪集水區", "DISUMMARY": "霧社水庫", "OBSITEMS": "0", "REPLACE_ST": "NULL", "OBSREMARKS": "NULL", "BASIN_NAME": "濁水溪", "alert_level_1": null, "alert_level_2": null, "alert_level_3": null, "camera_sta": null, "camera_id": null, "camera_sourceid": null }, "geometry": { "type": "Point", "coordinates": [ 121.117516034807423, 23.968321039345309 ] } },
{ "type": "Feature", "properties": { "ST_NO": "1510H090", "NAME_C": "德魯灣橋", "ADDR_C": "德魯灣橋", "ADMICODE": 10, "WR_DIST_NO": 20, "DEPTID": 4, "DRAINAGE_A": "1", "LEVEL0": "103795", "OBSERVE": "NULL", "RESERVOIR": "NULL", "REMARKS": null, "TM_X97": 266617.9, "TM_Y97": 2657827.9, "ISCROSSRIV": "1", "TRINO1": 1510, "TRINO2": null, "TRINO3": null, "DAMAREA": "濁水溪集水區", "DISUMMARY": null, "OBSITEMS": "0", "REPLACE_ST": "NULL", "OBSREMARKS": "NULL", "BASIN_NAME": "濁水溪", "alert_level_1": null, "alert_level_2": null, "alert_level_3": null, "camera_sta": null, "camera_id": null, "camera_sourceid": null }, "geometry": { "type": "Point", "coordinates": [ 121.163366096550618, 24.025238798639297 ] } },
{ "type": "Feature", "properties": { "ST_NO": "1510H091", "NAME_C": "松林橋", "ADDR_C": "松林橋", "ADMICODE": 10, "WR_DIST_NO": 20, "DEPTID": 4, "DRAINAGE_A": "1", "LEVEL0": "87713", "OBSERVE": "NULL", "RESERVOIR": "NULL", "REMARKS": null, "TM_X97": 259721.41, "TM_Y97": 2651691.7, "ISCROSSRIV": "1", "TRINO1": 1510, "TRINO2": null, "TRINO3": null, "DAMAREA": "濁水溪集水區", "DISUMMARY": "霧社水庫", "OBSITEMS": "0", "REPLACE_ST": "NULL", "OBSREMARKS": "NULL", "BASIN_NAME": "濁水溪", "alert_level_1": null, "alert_level_2": null, "alert_level_3": null, "camera_sta": null, "camera_id": null, "camera_sourceid": null }, "geometry": { "type": "Point", "coordinates": [ 121.095527757667867, 23.969888849870621 ] } },
{ "type": "Feature", "properties": { "ST_NO": "1510H57A", "NAME_C": "彰雲橋(2)", "ADDR_C": "雲林縣林內鄉林北村", "ADMICODE": 17, "WR_DIST_NO": 20, "DEPTID": 4, "DRAINAGE_A": "2906.32", "LEVEL0": "10717", "OBSERVE": "NULL", "RESERVOIR": "NULL", "REMARKS": null, "TM_X97": 212920.85, "TM_Y97": 2631308.94, "ISCROSSRIV": "1", "TRINO1": 1510, "TRINO2": null, "TRINO3": null, "DAMAREA": "NULL", "DISUMMARY": "上游有集集攔河堰引水至六輕及林內3號、莿仔埤農田引水灌溉。", "OBSITEMS": "0,1,2", "REPLACE_ST": "NULL", "OBSREMARKS": "NULL", "BASIN_NAME": "濁水溪", "alert_level_1": 97.3, "alert_level_2": 96.1, "alert_level_3": 94.5, "camera_sta": "二水鐵路橋", "camera_id": "3125", "camera_sourceid": "10" }, "geometry": { "type": "Point", "coordinates": [ 120.636158016068578, 23.785439166784332 ] } },
{ "type": "Feature", "properties": { "ST_NO": "1740H002", "NAME_C": "潮州", "ADDR_C": "屏東縣潮州鎮新潮州大橋", "ADMICODE": 11, "WR_DIST_NO": 30, "DEPTID": 7, "DRAINAGE_A": "175.3", "LEVEL0": "1777", "OBSERVE": "1", "RESERVOIR": "1", "REMARKS": null, "TM_X97": 203093.62, "TM_Y97": 2496550.26, "ISCROSSRIV": "1", "TRINO1": 1740, "TRINO2": null, "TRINO3": null, "DAMAREA": "NULL", "DISUMMARY": null, "OBSITEMS": "0,1,2", "REPLACE_ST": "NULL", "OBSREMARKS": "NULL", "BASIN_NAME": "東港溪", "alert_level_1": 11.6, "alert_level_2": 10.7, "alert_level_3": 8.9, "camera_sta": "潮州大橋", "camera_id": "134", "camera_sourceid": "21" }, "geometry": { "type": "Point", "coordinates": [ 120.543872716344353, 22.568278237468252 ] } },
{ "type": "Feature", "properties": { "ST_NO": "1740H007", "NAME_C": "港東二號橋", "ADDR_C": "屏東縣崁頂鄉港東二號橋", "ADMICODE": 11, "WR_DIST_NO": 30, "DEPTID": 7, "DRAINAGE_A": "0", "LEVEL0": "1061", "OBSERVE": "1", "RESERVOIR": "NULL", "REMARKS": "94水祕購字第94124-1號購案購置", "TM_X97": 196133.0, "TM_Y97": 2491148.0, "ISCROSSRIV": "1", "TRINO1": 1740, "TRINO2": null, "TRINO3": null, "DAMAREA": "NULL", "DISUMMARY": null, "OBSITEMS": "0", "REPLACE_ST": "NULL", "OBSREMARKS": "NULL", "BASIN_NAME": "東港溪", "alert_level_1": null, "alert_level_2": null, "alert_level_3": null, "camera_sta": "港東二號橋", "camera_id": "55", "camera_sourceid": "21" }, "geometry": { "type": "Point", "coordinates": [ 120.476372310728536, 22.519284798769633 ] } },
{ "type": "Feature", "properties": { "ST_NO": "1740H008", "NAME_C": "興社大橋", "ADDR_C": "屏東縣萬丹鄉新南路興社大橋", "ADMICODE": 11, "WR_DIST_NO": 30, "DEPTID": 7, "DRAINAGE_A": "320", "LEVEL0": "1169.6", "OBSERVE": "NULL", "RESERVOIR": "NULL", "REMARKS": null, "TM_X97": 198880.02, "TM_Y97": 2493671.02, "ISCROSSRIV": "1", "TRINO1": 1740, "TRINO2": null, "TRINO3": null, "DAMAREA": "NULL", "DISUMMARY": null, "OBSITEMS": "0,4", "REPLACE_ST": "NULL", "OBSREMARKS": "NULL", "BASIN_NAME": "東港溪", "alert_level_1": 7.7, "alert_level_2": 6.8, "alert_level_3": null, "camera_sta": "興社橋", "camera_id": "1170", "camera_sourceid": "10" }, "geometry": { "type": "Point", "coordinates": [ 120.502993096609842, 22.54215462748601 ] } },
{ "type": "Feature", "properties": { "ST_NO": "1740H009", "NAME_C": "三民橋", "ADDR_C": "屏東縣內埔鄉老埤村三民橋", "ADMICODE": 11, "WR_DIST_NO": 30, "DEPTID": 7, "DRAINAGE_A": "NULL", "LEVEL0": "4211.4", "OBSERVE": "NULL", "RESERVOIR": "NULL", "REMARKS": null, "TM_X97": 209929.46, "TM_Y97": 2503876.84, "ISCROSSRIV": "1", "TRINO1": 1740, "TRINO2": "174000", "TRINO3": null, "DAMAREA": "NULL", "DISUMMARY": null, "OBSITEMS": "0", "REPLACE_ST": "NULL", "OBSREMARKS": "NULL", "BASIN_NAME": "東港溪", "alert_level_1": 37.2, "alert_level_2": 36.2, "alert_level_3": null, "camera_sta": null, "camera_id": null, "camera_sourceid": null }, "geometry": { "type": "Point", "coordinates": [ 120.610158247759557, 22.634619295901171 ] } },
{ "type": "Feature", "properties": { "ST_NO": "1740H010", "NAME_C": "萬安大橋", "ADDR_C": "屏東縣泰武鄉萬安村萬安大橋", "ADMICODE": 11, "WR_DIST_NO": 30, "DEPTID": 7, "DRAINAGE_A": "NULL", "LEVEL0": "5652.9", "OBSERVE": "NULL", "RESERVOIR": "NULL", "REMARKS": null, "TM_X97": 211528.11, "TM_Y97": 2502607.06, "ISCROSSRIV": "1", "TRINO1": 1740, "TRINO2": "174020", "TRINO3": null, "DAMAREA": "NULL", "DISUMMARY": null, "OBSITEMS": "0", "REPLACE_ST": "NULL", "OBSREMARKS": "NULL", "BASIN_NAME": "東港溪", "alert_level_1": 51.4, "alert_level_2": 50.7, "alert_level_3": null, "camera_sta": null, "camera_id": null, "camera_sourceid": null }, "geometry": { "type": "Point", "coordinates": [ 120.625742120231308, 22.62318901033677 ] } },
{ "type": "Feature", "properties": { "ST_NO": "1740H011", "NAME_C": "萬巒大橋", "ADDR_C": "屏東市內埔鄉萬巒大橋", "ADMICODE": 11, "WR_DIST_NO": 30, "DEPTID": 7, "DRAINAGE_A": "NULL", "LEVEL0": "1768.5", "OBSERVE": "NULL", "RESERVOIR": "NULL", "REMARKS": null, "TM_X97": 205094.81, "TM_Y97": 2497849.52, "ISCROSSRIV": "1", "TRINO1": 1740, "TRINO2": null, "TRINO3": null, "DAMAREA": "NULL", "DISUMMARY": null, "OBSITEMS": "0", "REPLACE_ST": "NULL", "OBSREMARKS": "NULL", "BASIN_NAME": "東港溪", "alert_level_1": 13.8, "alert_level_2": 12.0, "alert_level_3": null, "camera_sta": "萬巒大橋", "camera_id": "99", "camera_sourceid": "1" }, "geometry": { "type": "Point", "coordinates": [ 120.563295288970707, 22.580065836431292 ] } },
{ "type": "Feature", "properties": { "ST_NO": "2500H003", "NAME_C": "希能埔", "ADDR_C": "花蓮縣秀林鄉和平村", "ADMICODE": 9, "WR_DIST_NO": 40, "DEPTID": 1, "DRAINAGE_A": "553.01", "LEVEL0": "2800", "OBSERVE": "1", "RESERVOIR": "1", "REMARKS": null, "TM_X97": 325443.38, "TM_Y97": 2691167.21, "ISCROSSRIV": "1", "TRINO1": 2500, "TRINO2": null, "TRINO3": null, "DAMAREA": "NULL", "DISUMMARY": null, "OBSITEMS": "0,1,2", "REPLACE_ST": "NULL", "OBSREMARKS": "NULL", "BASIN_NAME": "和平溪", "alert_level_1": 35.8, "alert_level_2": 34.5, "alert_level_3": null, "camera_sta": "A7", "camera_id": "1242", "camera_sourceid": "10" }, "geometry": { "type": "Point", "coordinates": [ 121.743381790059829, 24.324538579899137 ] } },
{ "type": "Feature", "properties": { "ST_NO": "1730H036", "NAME_C": "三地門", "ADDR_C": "屏東縣內埔鄉水門村", "ADMICODE": 11, "WR_DIST_NO": 30, "DEPTID": 7, "DRAINAGE_A": "408.51", "LEVEL0": "11729.3", "OBSERVE": "1", "RESERVOIR": "1", "REMARKS": null, "TM_X97": 213632.08, "TM_Y97": 2512487.48, "ISCROSSRIV": "1", "TRINO1": 1730, "TRINO2": "173020", "TRINO3": null, "DAMAREA": "NULL", "DISUMMARY": "水利會上游取水", "OBSITEMS": "0,1,2,4", "REPLACE_ST": "NULL", "OBSREMARKS": "NULL", "BASIN_NAME": "高屏溪", "alert_level_1": 112.3, "alert_level_2": 111.1, "alert_level_3": 109.0, "camera_sta": "內埔三地門大橋", "camera_id": "53", "camera_sourceid": "1" }, "geometry": { "type": "Point", "coordinates": [ 120.645980535394173, 22.71246493063332 ] } },
{ "type": "Feature", "properties": { "ST_NO": "1730H043", "NAME_C": "里嶺大橋", "ADDR_C": "高雄市大樹區鐘鈴里", "ADMICODE": 14, "WR_DIST_NO": 30, "DEPTID": 7, "DRAINAGE_A": "2894.79", "LEVEL0": "3835", "OBSERVE": "1", "RESERVOIR": "1", "REMARKS": null, "TM_X97": 193666.0, "TM_Y97": 2519029.0, "ISCROSSRIV": "1", "TRINO1": 1730, "TRINO2": null, "TRINO3": null, "DAMAREA": "NULL", "DISUMMARY": "高雄農田水利會,旗山圳一幹線,月眉堰。經濟部水利署南水局 甲仙堰。台電六龜發電廠。", "OBSITEMS": "0,1,2", "REPLACE_ST": "NULL", "OBSREMARKS": "NULL", "BASIN_NAME": "高屏溪", "alert_level_1": 32.0, "alert_level_2": 30.7, "alert_level_3": 30.0, "camera_sta": "斜張橋", "camera_id": "1159", "camera_sourceid": "10" }, "geometry": { "type": "Point", "coordinates": [ 120.4513928933888, 22.770990634040736 ] } },
{ "type": "Feature", "properties": { "ST_NO": "1730H045", "NAME_C": "萬大大橋", "ADDR_C": "高雄市大寮區大寮里", "ADMICODE": 14, "WR_DIST_NO": 30, "DEPTID": 7, "DRAINAGE_A": "3110.66", "LEVEL0": "1921", "OBSERVE": "1", "RESERVOIR": "2", "REMARKS": null, "TM_X97": 192340.7, "TM_Y97": 2499334.8, "ISCROSSRIV": "1", "TRINO1": 1730, "TRINO2": null, "TRINO3": null, "DAMAREA": "NULL", "DISUMMARY": "高雄農田水利會,旗山圳一幹線,月眉堰。經濟部水利署南水局 高屏堰，甲仙堰。台電六龜發電廠。", "OBSITEMS": "0", "REPLACE_ST": "NULL", "OBSREMARKS": "NULL", "BASIN_NAME": "高屏溪", "alert_level_1": 13.3, "alert_level_2": 12.2, "alert_level_3": 10.2, "camera_sta": "萬大大橋", "camera_id": "1154", "camera_sourceid": "10" }, "geometry": { "type": "Point", "coordinates": [ 120.439210835415679, 22.593094092168837 ] } },
{ "type": "Feature", "properties": { "ST_NO": "1730H057", "NAME_C": "東門橋", "ADDR_C": "高雄市美濃區", "ADMICODE": 14, "WR_DIST_NO": 30, "DEPTID": 7, "DRAINAGE_A": "41", "LEVEL0": "5268", "OBSERVE": "1", "RESERVOIR": "NULL", "REMARKS": "NULL", "TM_X97": 203725.51, "TM_Y97": 2532731.18, "ISCROSSRIV": "1", "TRINO1": 1730, "TRINO2": "NULL", "TRINO3": "NULL", "DAMAREA": "高屏溪攔河堰", "DISUMMARY": null, "OBSITEMS": "0", "REPLACE_ST": "NULL", "OBSREMARKS": "NULL", "BASIN_NAME": "高屏溪", "alert_level_1": null, "alert_level_2": null, "alert_level_3": null, "camera_sta": "美濃橋", "camera_id": "52", "camera_sourceid": "1" }, "geometry": { "type": "Point", "coordinates": [ 120.548946931392351, 22.895036783155479 ] } },
{ "type": "Feature", "properties": { "ST_NO": "1730H058", "NAME_C": "杉林大橋(2)", "ADDR_C": "高雄市杉林區杉林大橋", "ADMICODE": 14, "WR_DIST_NO": 30, "DEPTID": 7, "DRAINAGE_A": "519.49", "LEVEL0": "13060", "OBSERVE": "1", "RESERVOIR": "NULL", "REMARKS": "NULL", "TM_X97": 203968.0, "TM_Y97": 2543287.0, "ISCROSSRIV": "1", "TRINO1": 1730, "TRINO2": "173030", "TRINO3": "NULL", "DAMAREA": "高屏溪攔河堰", "DISUMMARY": "經濟部水利署南水局 甲仙堰", "OBSITEMS": "0,1,2", "REPLACE_ST": "NULL", "OBSREMARKS": "NULL", "BASIN_NAME": "高屏溪", "alert_level_1": 124.0, "alert_level_2": 122.9, "alert_level_3": null, "camera_sta": null, "camera_id": null, "camera_sourceid": null }, "geometry": { "type": "Point", "coordinates": [ 120.550996197677208, 22.990368054960253 ] } },
{ "type": "Feature", "properties": { "ST_NO": "1730H061", "NAME_C": "獅額頭橋", "ADDR_C": "高雄市六龜區六龜里", "ADMICODE": 14, "WR_DIST_NO": 30, "DEPTID": 7, "DRAINAGE_A": "NULL", "LEVEL0": "29721.8", "OBSERVE": "NULL", "RESERVOIR": "NULL", "REMARKS": null, "TM_X97": 215387.0, "TM_Y97": 2546726.0, "ISCROSSRIV": "1", "TRINO1": 1730, "TRINO2": "173010", "TRINO3": null, "DAMAREA": "NULL", "DISUMMARY": null, "OBSITEMS": "0", "REPLACE_ST": "NULL", "OBSREMARKS": "NULL", "BASIN_NAME": "高屏溪", "alert_level_1": 281.7, "alert_level_2": 278.2, "alert_level_3": null, "camera_sta": null, "camera_id": null, "camera_sourceid": null }, "geometry": { "type": "Point", "coordinates": [ 120.662300017504108, 23.021700678916616 ] } },
{ "type": "Feature", "properties": { "ST_NO": "1730H062", "NAME_C": "美濃橋", "ADDR_C": "高雄市美濃區泰安里", "ADMICODE": 14, "WR_DIST_NO": 30, "DEPTID": 7, "DRAINAGE_A": "NULL", "LEVEL0": "4947", "OBSERVE": "1", "RESERVOIR": null, "REMARKS": "由原中壇橋遷移至此", "TM_X97": 203027.19, "TM_Y97": 2533198.84, "ISCROSSRIV": "1", "TRINO1": 1730, "TRINO2": "173030", "TRINO3": "173032", "DAMAREA": "NULL", "DISUMMARY": null, "OBSITEMS": "0", "REPLACE_ST": "NULL", "OBSREMARKS": "NULL", "BASIN_NAME": "高屏溪", "alert_level_1": 46.1, "alert_level_2": 44.8, "alert_level_3": null, "camera_sta": "美濃橋", "camera_id": "52", "camera_sourceid": "1" }, "geometry": { "type": "Point", "coordinates": [ 120.542126163582338, 22.899240556608571 ] } },
{ "type": "Feature", "properties": { "ST_NO": "1730H065", "NAME_C": "溝坪橋", "ADDR_C": "高雄市內門區", "ADMICODE": 14, "WR_DIST_NO": 30, "DEPTID": 7, "DRAINAGE_A": "NULL", "LEVEL0": "9894", "OBSERVE": null, "RESERVOIR": null, "REMARKS": null, "TM_X97": 198849.37, "TM_Y97": 2543482.48, "ISCROSSRIV": "1", "TRINO1": 1730, "TRINO2": "173030", "TRINO3": "173031", "DAMAREA": "NULL", "DISUMMARY": null, "OBSITEMS": "0", "REPLACE_ST": "NULL", "OBSREMARKS": "NULL", "BASIN_NAME": "高屏溪", "alert_level_1": 96.1, "alert_level_2": 95.3, "alert_level_3": null, "camera_sta": null, "camera_id": null, "camera_sourceid": null }, "geometry": { "type": "Point", "coordinates": [ 120.501063129508282, 22.991983968973784 ] } },
{ "type": "Feature", "properties": { "ST_NO": "1730H066", "NAME_C": "新威大橋(1)", "ADDR_C": "高雄市六龜區", "ADMICODE": 14, "WR_DIST_NO": 30, "DEPTID": 7, "DRAINAGE_A": "NULL", "LEVEL0": "15668.1", "OBSERVE": null, "RESERVOIR": null, "REMARKS": null, "TM_X97": 212963.0, "TM_Y97": 2532303.0, "ISCROSSRIV": "1", "TRINO1": 1730, "TRINO2": "173010", "TRINO3": null, "DAMAREA": "NULL", "DISUMMARY": null, "OBSITEMS": "0", "REPLACE_ST": "NULL", "OBSREMARKS": "NULL", "BASIN_NAME": "高屏溪", "alert_level_1": 145.0, "alert_level_2": 143.5, "alert_level_3": null, "camera_sta": "新威大橋", "camera_id": "129", "camera_sourceid": "21" }, "geometry": { "type": "Point", "coordinates": [ 120.638996543825641, 22.891400022951828 ] } },
{ "type": "Feature", "properties": { "ST_NO": "1730H067", "NAME_C": "寶來二號橋", "ADDR_C": "高雄市桃源區", "ADMICODE": 14, "WR_DIST_NO": 30, "DEPTID": 7, "DRAINAGE_A": "0", "LEVEL0": "41207.4", "OBSERVE": null, "RESERVOIR": null, "REMARKS": null, "TM_X97": 219773.0, "TM_Y97": 2556615.9999999995, "ISCROSSRIV": "1", "TRINO1": 1730, "TRINO2": "173010", "TRINO3": null, "DAMAREA": "NULL", "DISUMMARY": null, "OBSITEMS": "0", "REPLACE_ST": "NULL", "OBSREMARKS": "NULL", "BASIN_NAME": "高屏溪", "alert_level_1": 403.9, "alert_level_2": 402.9, "alert_level_3": null, "camera_sta": null, "camera_id": null, "camera_sourceid": null }, "geometry": { "type": "Point", "coordinates": [ 120.704896618942271, 23.111098241473641 ] } },
{ "type": "Feature", "properties": { "ST_NO": "1730H068", "NAME_C": "高屏大橋", "ADDR_C": "屏東縣屏東市清溪里高屏大橋(儀器箱)", "ADMICODE": 11, "WR_DIST_NO": 30, "DEPTID": 7, "DRAINAGE_A": "NULL", "LEVEL0": "2200", "OBSERVE": "1", "RESERVOIR": "NULL", "REMARKS": "99.10.1由高屏溪鐵路橋遷移至此", "TM_X97": 192377.0, "TM_Y97": 2505324.0, "ISCROSSRIV": "1", "TRINO1": 1730, "TRINO2": null, "TRINO3": null, "DAMAREA": "NULL", "DISUMMARY": null, "OBSITEMS": "0", "REPLACE_ST": "NULL", "OBSREMARKS": "NULL", "BASIN_NAME": "高屏溪", "alert_level_1": 17.9, "alert_level_2": 16.6, "alert_level_3": 13.2, "camera_sta": "高屏大橋河濱公園", "camera_id": "1157", "camera_sourceid": "10" }, "geometry": { "type": "Point", "coordinates": [ 120.439344641889591, 22.647182188921864 ] } },
{ "type": "Feature", "properties": { "ST_NO": "1730H069", "NAME_C": "大津橋(1)", "ADDR_C": "屏東縣高樹鄉", "ADMICODE": 11, "WR_DIST_NO": 30, "DEPTID": 7, "DRAINAGE_A": "NULL", "LEVEL0": "NULL", "OBSERVE": null, "RESERVOIR": null, "REMARKS": null, "TM_X97": 213812.0, "TM_Y97": 2531050.0, "ISCROSSRIV": "1", "TRINO1": 1730, "TRINO2": "173010", "TRINO3": "173011", "DAMAREA": "NULL", "DISUMMARY": "水利會上游取水", "OBSITEMS": "0,1,2", "REPLACE_ST": "NULL", "OBSREMARKS": "NULL", "BASIN_NAME": "高屏溪", "alert_level_1": 144.9, "alert_level_2": 143.9, "alert_level_3": null, "camera_sta": "高樹大津橋", "camera_id": "153", "camera_sourceid": "1" }, "geometry": { "type": "Point", "coordinates": [ 120.647300949525345, 22.880103138152332 ] } },
{ "type": "Feature", "properties": { "ST_NO": "1730H070", "NAME_C": "六龜(1)", "ADDR_C": "高雄市六龜區", "ADMICODE": 14, "WR_DIST_NO": 30, "DEPTID": 7, "DRAINAGE_A": "NULL", "LEVEL0": "NULL", "OBSERVE": null, "RESERVOIR": null, "REMARKS": null, "TM_X97": 213043.0, "TM_Y97": 2543863.0, "ISCROSSRIV": "1", "TRINO1": 1730, "TRINO2": "173010", "TRINO3": null, "DAMAREA": "NULL", "DISUMMARY": "水利會上游取水", "OBSITEMS": "0,1,2,4", "REPLACE_ST": "NULL", "OBSREMARKS": "NULL", "BASIN_NAME": "高屏溪", "alert_level_1": 238.2, "alert_level_2": 235.9, "alert_level_3": null, "camera_sta": "六龜大橋", "camera_id": "130", "camera_sourceid": "21" }, "geometry": { "type": "Point", "coordinates": [ 120.639499934109779, 22.99579577769704 ] } },
{ "type": "Feature", "properties": { "ST_NO": "1730H071", "NAME_C": "旗山橋", "ADDR_C": "高雄市旗山區旗山橋", "ADMICODE": 14, "WR_DIST_NO": 30, "DEPTID": 7, "DRAINAGE_A": "NULL", "LEVEL0": "4930", "OBSERVE": "NULL", "RESERVOIR": "NULL", "REMARKS": null, "TM_X97": 197580.88, "TM_Y97": 2531278.04, "ISCROSSRIV": "1", "TRINO1": 1730, "TRINO2": "173030", "TRINO3": null, "DAMAREA": "NULL", "DISUMMARY": null, "OBSITEMS": "0,4", "REPLACE_ST": "NULL", "OBSREMARKS": "NULL", "BASIN_NAME": "高屏溪", "alert_level_1": 45.1, "alert_level_2": 44.1, "alert_level_3": null, "camera_sta": "旗尾河濱公園副站", "camera_id": "132", "camera_sourceid": "21" }, "geometry": { "type": "Point", "coordinates": [ 120.48910399971291, 22.881732964225343 ] } },
{ "type": "Feature", "properties": { "ST_NO": "1730H072", "NAME_C": "四德大橋", "ADDR_C": "高雄市甲仙區四德大橋", "ADMICODE": 14, "WR_DIST_NO": 30, "DEPTID": 7, "DRAINAGE_A": "NULL", "LEVEL0": "26880", "OBSERVE": "NULL", "RESERVOIR": "NULL", "REMARKS": null, "TM_X97": 207797.0, "TM_Y97": 2554245.0, "ISCROSSRIV": "1", "TRINO1": 1730, "TRINO2": "173030", "TRINO3": null, "DAMAREA": "NULL", "DISUMMARY": null, "OBSITEMS": "0", "REPLACE_ST": "NULL", "OBSREMARKS": "NULL", "BASIN_NAME": "高屏溪", "alert_level_1": 260.2, "alert_level_2": 258.6, "alert_level_3": null, "camera_sta": "甲仙大橋站", "camera_id": "128", "camera_sourceid": "21" }, "geometry": { "type": "Point", "coordinates": [ 120.588043350200067, 23.08942523795162 ] } },
{ "type": "Feature", "properties": { "ST_NO": "1730H074", "NAME_C": "多納大橋", "ADDR_C": "高雄市茂林區多納大橋", "ADMICODE": 14, "WR_DIST_NO": 30, "DEPTID": 7, "DRAINAGE_A": "NULL", "LEVEL0": "26346.9", "OBSERVE": "NULL", "RESERVOIR": "NULL", "REMARKS": null, "TM_X97": 218060.46, "TM_Y97": 2534513.28, "ISCROSSRIV": "1", "TRINO1": 1730, "TRINO2": "173010", "TRINO3": "173011", "DAMAREA": "NULL", "DISUMMARY": null, "OBSITEMS": "0", "REPLACE_ST": "NULL", "OBSREMARKS": "NULL", "BASIN_NAME": "高屏溪", "alert_level_1": 250.1, "alert_level_2": 248.6, "alert_level_3": null, "camera_sta": null, "camera_id": null, "camera_sourceid": null }, "geometry": { "type": "Point", "coordinates": [ 120.688635841382151, 22.91146549232845 ] } },
{ "type": "Feature", "properties": { "ST_NO": "1730H075", "NAME_C": "口社富邦大橋", "ADDR_C": "屏東縣三地門鄉口社富邦大橋", "ADMICODE": 11, "WR_DIST_NO": 30, "DEPTID": 7, "DRAINAGE_A": "NULL", "LEVEL0": "10260.7", "OBSERVE": "NULL", "RESERVOIR": "NULL", "REMARKS": null, "TM_X97": 213618.0, "TM_Y97": 2518615.0, "ISCROSSRIV": "1", "TRINO1": 1730, "TRINO2": "173020", "TRINO3": "173021", "DAMAREA": "NULL", "DISUMMARY": null, "OBSITEMS": "0", "REPLACE_ST": "NULL", "OBSREMARKS": "NULL", "BASIN_NAME": "高屏溪", "alert_level_1": 97.7, "alert_level_2": 96.3, "alert_level_3": null, "camera_sta": null, "camera_id": null, "camera_sourceid": null }, "geometry": { "type": "Point", "coordinates": [ 120.645700900659605, 22.767801392267785 ] } },
{ "type": "Feature", "properties": { "ST_NO": "1730H076", "NAME_C": "西圓潭橋", "ADDR_C": "高雄市旗山區西圓潭橋", "ADMICODE": 14, "WR_DIST_NO": 30, "DEPTID": 7, "DRAINAGE_A": "NULL", "LEVEL0": "6837.4", "OBSERVE": "NULL", "RESERVOIR": "NULL", "REMARKS": null, "TM_X97": 197865.53, "TM_Y97": 2536151.59, "ISCROSSRIV": "1", "TRINO1": 1730, "TRINO2": "173030", "TRINO3": "173031", "DAMAREA": "NULL", "DISUMMARY": null, "OBSITEMS": "0", "REPLACE_ST": "NULL", "OBSREMARKS": "NULL", "BASIN_NAME": "高屏溪", "alert_level_1": 63.8, "alert_level_2": 62.7, "alert_level_3": null, "camera_sta": null, "camera_id": null, "camera_sourceid": null }, "geometry": { "type": "Point", "coordinates": [ 120.491714225170313, 22.925752394538499 ] } },
{ "type": "Feature", "properties": { "ST_NO": "1730H077", "NAME_C": "達西霸樂橋", "ADDR_C": "高雄市桃源區拉芙蘭里達西霸樂橋", "ADMICODE": 14, "WR_DIST_NO": 30, "DEPTID": 7, "DRAINAGE_A": "NULL", "LEVEL0": "75159.1", "OBSERVE": "NULL", "RESERVOIR": "NULL", "REMARKS": null, "TM_X97": 231289.71, "TM_Y97": 2572206.06, "ISCROSSRIV": "1", "TRINO1": 1730, "TRINO2": "173010", "TRINO3": null, "DAMAREA": "NULL", "DISUMMARY": null, "OBSITEMS": "0", "REPLACE_ST": "NULL", "OBSREMARKS": "NULL", "BASIN_NAME": "高屏溪", "alert_level_1": 745.0, "alert_level_2": 743.9, "alert_level_3": null, "camera_sta": null, "camera_id": null, "camera_sourceid": null }, "geometry": { "type": "Point", "coordinates": [ 120.817141389036024, 23.252054217871443 ] } },
{ "type": "Feature", "properties": { "ST_NO": "1730H079", "NAME_C": "撒拉阿塢橋", "ADDR_C": "高雄市桃園區撒拉阿塢橋", "ADMICODE": 14, "WR_DIST_NO": 30, "DEPTID": 7, "DRAINAGE_A": "NULL", "LEVEL0": "55920.1", "OBSERVE": "NULL", "RESERVOIR": "NULL", "REMARKS": null, "TM_X97": 226951.2, "TM_Y97": 2562384.6, "ISCROSSRIV": "1", "TRINO1": 1730, "TRINO2": "173010", "TRINO3": null, "DAMAREA": "NULL", "DISUMMARY": null, "OBSITEMS": "0", "REPLACE_ST": "NULL", "OBSREMARKS": "NULL", "BASIN_NAME": "高屏溪", "alert_level_1": null, "alert_level_2": null, "alert_level_3": null, "camera_sta": "東莊溪", "camera_id": "4138", "camera_sourceid": "21" }, "geometry": { "type": "Point", "coordinates": [ 120.774889288277222, 23.163307132403336 ] } },
{ "type": "Feature", "properties": { "ST_NO": "1730H081", "NAME_C": "小林橋", "ADDR_C": "高雄市甲仙區小林里小林橋", "ADMICODE": 14, "WR_DIST_NO": 30, "DEPTID": 7, "DRAINAGE_A": "NULL", "LEVEL0": "36338", "OBSERVE": "NULL", "RESERVOIR": "NULL", "REMARKS": null, "TM_X97": 212665.0, "TM_Y97": 2561701.0, "ISCROSSRIV": "1", "TRINO1": 1730, "TRINO2": "173030", "TRINO3": null, "DAMAREA": "NULL", "DISUMMARY": null, "OBSITEMS": "0", "REPLACE_ST": "NULL", "OBSREMARKS": "NULL", "BASIN_NAME": "高屏溪", "alert_level_1": 358.4, "alert_level_2": 357.2, "alert_level_3": null, "camera_sta": null, "camera_id": null, "camera_sourceid": null }, "geometry": { "type": "Point", "coordinates": [ 120.635378737629026, 23.15687280083279 ] } },
{ "type": "Feature", "properties": { "ST_NO": "1140H145", "NAME_C": "鶯桃路_新", "ADDR_C": "新北市鶯歌區", "ADMICODE": 4, "WR_DIST_NO": 10, "DEPTID": 10, "DRAINAGE_A": "NULL", "LEVEL0": "NULL", "OBSERVE": "NULL", "RESERVOIR": "NULL", "REMARKS": "NULL", "TM_X97": 283182.86, "TM_Y97": 2767565.39, "ISCROSSRIV": "NULL", "TRINO1": 1140, "TRINO2": "NULL", "TRINO3": "NULL", "DAMAREA": "NULL", "DISUMMARY": "NULL", "OBSITEMS": "NULL", "REPLACE_ST": "NULL", "OBSREMARKS": "NULL", "BASIN_NAME": "南崁溪", "alert_level_1": null, "alert_level_2": null, "alert_level_3": null, "camera_sta": null, "camera_id": null, "camera_sourceid": null }, "geometry": { "type": "Point", "coordinates": [ 121.328779304792619, 25.015777681367211 ] } },
{ "type": "Feature", "properties": { "ST_NO": "1430H025", "NAME_C": "大肚橋", "ADDR_C": "台中市烏日區中山路三段", "ADMICODE": 22, "WR_DIST_NO": 20, "DEPTID": 3, "DRAINAGE_A": "1980.65", "LEVEL0": "2712.3", "OBSERVE": "1", "RESERVOIR": "1", "REMARKS": "NULL", "TM_X97": 207494.9, "TM_Y97": 2666783.1, "ISCROSSRIV": "1", "TRINO1": 1430, "TRINO2": "NULL", "TRINO3": "NULL", "DAMAREA": null, "DISUMMARY": "芳美圳 、福盛圳", "OBSITEMS": "0,1,2", "REPLACE_ST": "NULL", "OBSREMARKS": "NULL", "BASIN_NAME": "烏溪", "alert_level_1": 20.0, "alert_level_2": 18.0, "alert_level_3": null, "camera_sta": "彰化大度橋", "camera_id": "59", "camera_sourceid": "1" }, "geometry": { "type": "Point", "coordinates": [ 120.581885520285851, 24.105614930505894 ] } },
{ "type": "Feature", "properties": { "ST_NO": "1430H028", "NAME_C": "溪南橋", "ADDR_C": "台中市烏日區溪南路一段", "ADMICODE": 1, "WR_DIST_NO": 20, "DEPTID": 3, "DRAINAGE_A": "269.4", "LEVEL0": "3463.1", "OBSERVE": "1", "RESERVOIR": "1", "REMARKS": "NULL", "TM_X97": 213733.68, "TM_Y97": 2665262.08, "ISCROSSRIV": "1", "TRINO1": 1430, "TRINO2": "143050", "TRINO3": "NULL", "DAMAREA": null, "DISUMMARY": null, "OBSITEMS": "0,1,2", "REPLACE_ST": "NULL", "OBSREMARKS": "NULL", "BASIN_NAME": "烏溪", "alert_level_1": 30.3, "alert_level_2": 29.5, "alert_level_3": null, "camera_sta": "烏日溪南橋", "camera_id": "75", "camera_sourceid": "1" }, "geometry": { "type": "Point", "coordinates": [ 120.643292222272422, 24.092036780128282 ] } },
{ "type": "Feature", "properties": { "ST_NO": "1430H029", "NAME_C": "利民橋", "ADDR_C": "彰化縣芬園鄉芬草路２段", "ADMICODE": 22, "WR_DIST_NO": 20, "DEPTID": 3, "DRAINAGE_A": "263.44", "LEVEL0": "6171.6", "OBSERVE": "2", "RESERVOIR": "1", "REMARKS": "NULL", "TM_X97": 213108.4, "TM_Y97": 2656590.77, "ISCROSSRIV": "1", "TRINO1": 1430, "TRINO2": "143000", "TRINO3": "NULL", "DAMAREA": null, "DISUMMARY": null, "OBSITEMS": "0", "REPLACE_ST": "NULL", "OBSREMARKS": "NULL", "BASIN_NAME": "烏溪", "alert_level_1": 55.6, "alert_level_2": 54.6, "alert_level_3": null, "camera_sta": null, "camera_id": null, "camera_sourceid": null }, "geometry": { "type": "Point", "coordinates": [ 120.637362213867007, 24.013726152544326 ] } },
{ "type": "Feature", "properties": { "ST_NO": "1430H030", "NAME_C": "烏溪橋", "ADDR_C": "南投縣草屯鎮中正路", "ADMICODE": 10, "WR_DIST_NO": 20, "DEPTID": 3, "DRAINAGE_A": "1051.04", "LEVEL0": "10431.4", "OBSERVE": "1", "RESERVOIR": "1", "REMARKS": "NULL", "TM_X97": 219033.5, "TM_Y97": 2656040.97, "ISCROSSRIV": "1", "TRINO1": 1430, "TRINO2": "NULL", "TRINO3": "NULL", "DAMAREA": null, "DISUMMARY": "芳美圳 、福盛圳", "OBSITEMS": "0,1,2", "REPLACE_ST": "NULL", "OBSREMARKS": "NULL", "BASIN_NAME": "烏溪", "alert_level_1": 95.7, "alert_level_2": 94.0, "alert_level_3": null, "camera_sta": "草屯烏溪橋", "camera_id": "47", "camera_sourceid": "1" }, "geometry": { "type": "Point", "coordinates": [ 120.695615860558362, 24.008888505043185 ] } },
{ "type": "Feature", "properties": { "ST_NO": "1430H032", "NAME_C": "南北通橋", "ADDR_C": "南投縣國姓鄉北圳巷", "ADMICODE": 10, "WR_DIST_NO": 20, "DEPTID": 3, "DRAINAGE_A": "408", "LEVEL0": "35318.4", "OBSERVE": "1", "RESERVOIR": "1", "REMARKS": "NULL", "TM_X97": 241091.73, "TM_Y97": 2661521.89, "ISCROSSRIV": "1", "TRINO1": 1430, "TRINO2": "143010", "TRINO3": "NULL", "DAMAREA": null, "DISUMMARY": null, "OBSITEMS": "0,1,2", "REPLACE_ST": "NULL", "OBSREMARKS": "NULL", "BASIN_NAME": "烏溪", "alert_level_1": 344.9, "alert_level_2": 343.2, "alert_level_3": null, "camera_sta": null, "camera_id": null, "camera_sourceid": null }, "geometry": { "type": "Point", "coordinates": [ 120.912402480080218, 24.058655815790321 ] } },
{ "type": "Feature", "properties": { "ST_NO": "1430H037", "NAME_C": "觀音橋", "ADDR_C": "南投縣埔里鎮觀音路", "ADMICODE": 10, "WR_DIST_NO": 20, "DEPTID": 3, "DRAINAGE_A": "338", "LEVEL0": "39060.7", "OBSERVE": "1", "RESERVOIR": "1", "REMARKS": "NULL", "TM_X97": 241104.55, "TM_Y97": 2653191.06, "ISCROSSRIV": "1", "TRINO1": 1430, "TRINO2": "143020", "TRINO3": "NULL", "DAMAREA": null, "DISUMMARY": "守城份圳等四圳", "OBSITEMS": "0,1,2", "REPLACE_ST": "NULL", "OBSREMARKS": "NULL", "BASIN_NAME": "烏溪", "alert_level_1": 387.5, "alert_level_2": 386.3, "alert_level_3": null, "camera_sta": null, "camera_id": null, "camera_sourceid": null }, "geometry": { "type": "Point", "coordinates": [ 120.91257942285371, 23.983432300788866 ] } },
{ "type": "Feature", "properties": { "ST_NO": "1430H038", "NAME_C": "南崗大橋", "ADDR_C": "南投縣南投市中華路", "ADMICODE": 10, "WR_DIST_NO": 20, "DEPTID": 3, "DRAINAGE_A": "253.58", "LEVEL0": "8871.2", "OBSERVE": "1", "RESERVOIR": "2", "REMARKS": "NULL", "TM_X97": 216863.52, "TM_Y97": 2648651.84, "ISCROSSRIV": "1", "TRINO1": 1430, "TRINO2": "143000", "TRINO3": "NULL", "DAMAREA": null, "DISUMMARY": null, "OBSITEMS": "0,1,2", "REPLACE_ST": "NULL", "OBSREMARKS": "NULL", "BASIN_NAME": "烏溪", "alert_level_1": 84.7, "alert_level_2": 82.6, "alert_level_3": null, "camera_sta": "南投南崗大橋", "camera_id": "48", "camera_sourceid": "1" }, "geometry": { "type": "Point", "coordinates": [ 120.674454067478976, 23.942124809789366 ] } },
{ "type": "Feature", "properties": { "ST_NO": "1430H040", "NAME_C": "集泉橋", "ADDR_C": "台中市烏日區中山路三段", "ADMICODE": 1, "WR_DIST_NO": 20, "DEPTID": 3, "DRAINAGE_A": "133.02", "LEVEL0": "2506.6", "OBSERVE": "1", "RESERVOIR": "2", "REMARKS": "NULL", "TM_X97": 210858.43, "TM_Y97": 2666854.96, "ISCROSSRIV": "1", "TRINO1": 1430, "TRINO2": "143060", "TRINO3": "NULL", "DAMAREA": null, "DISUMMARY": null, "OBSITEMS": "0", "REPLACE_ST": "NULL", "OBSREMARKS": "NULL", "BASIN_NAME": "烏溪", "alert_level_1": 25.6, "alert_level_2": 24.2, "alert_level_3": null, "camera_sta": "烏日集泉橋", "camera_id": "76", "camera_sourceid": "1" }, "geometry": { "type": "Point", "coordinates": [ 120.614969368244175, 24.106350708621239 ] } },
{ "type": "Feature", "properties": { "ST_NO": "1430H044", "NAME_C": "隘寮橋", "ADDR_C": "南投縣草屯鎮中正路", "ADMICODE": 10, "WR_DIST_NO": 10, "DEPTID": 3, "DRAINAGE_A": "0", "LEVEL0": "12905.2", "OBSERVE": "NULL", "RESERVOIR": "NULL", "REMARKS": null, "TM_X97": 221153.21, "TM_Y97": 2652659.55, "ISCROSSRIV": "1", "TRINO1": 2500, "TRINO2": null, "TRINO3": null, "DAMAREA": "NULL", "DISUMMARY": null, "OBSITEMS": "0", "REPLACE_ST": "NULL", "OBSREMARKS": "NULL", "BASIN_NAME": "烏溪", "alert_level_1": null, "alert_level_2": null, "alert_level_3": null, "camera_sta": null, "camera_id": null, "camera_sourceid": null }, "geometry": { "type": "Point", "coordinates": [ 120.716518141077358, 23.978396014733793 ] } },
{ "type": "Feature", "properties": { "ST_NO": "1430H045", "NAME_C": "成功橋", "ADDR_C": "南投縣草屯鎮成功一段", "ADMICODE": 10, "WR_DIST_NO": 10, "DEPTID": 3, "DRAINAGE_A": "0", "LEVEL0": "9863.8", "OBSERVE": "NULL", "RESERVOIR": "NULL", "REMARKS": null, "TM_X97": 217846.8, "TM_Y97": 2653762.1, "ISCROSSRIV": "1", "TRINO1": 1430, "TRINO2": null, "TRINO3": null, "DAMAREA": "NULL", "DISUMMARY": null, "OBSITEMS": "0", "REPLACE_ST": "NULL", "OBSREMARKS": "NULL", "BASIN_NAME": "烏溪", "alert_level_1": null, "alert_level_2": null, "alert_level_3": null, "camera_sta": null, "camera_id": null, "camera_sourceid": null }, "geometry": { "type": "Point", "coordinates": [ 120.684001615706649, 23.988287975179986 ] } },
{ "type": "Feature", "properties": { "ST_NO": "1430H046", "NAME_C": "農路橋", "ADDR_C": "台中市大雅區永和路", "ADMICODE": 1, "WR_DIST_NO": 20, "DEPTID": 3, "DRAINAGE_A": "NULL", "LEVEL0": "8220.9", "OBSERVE": "NULL", "RESERVOIR": "NULL", "REMARKS": "NULL", "TM_X97": 213216.45, "TM_Y97": 2677918.27, "ISCROSSRIV": "1", "TRINO1": 1430, "TRINO2": "143060", "TRINO3": "NULL", "DAMAREA": null, "DISUMMARY": null, "OBSITEMS": "0", "REPLACE_ST": "NULL", "OBSREMARKS": "NULL", "BASIN_NAME": "烏溪", "alert_level_1": 113.4, "alert_level_2": 112.2, "alert_level_3": null, "camera_sta": null, "camera_id": null, "camera_sourceid": null }, "geometry": { "type": "Point", "coordinates": [ 120.637883066674704, 24.206300365969966 ] } },
{ "type": "Feature", "properties": { "ST_NO": "1430H047", "NAME_C": "育英橋", "ADDR_C": "台中市東區東英一街", "ADMICODE": 1, "WR_DIST_NO": 20, "DEPTID": 3, "DRAINAGE_A": "118", "LEVEL0": "7873.8", "OBSERVE": "NULL", "RESERVOIR": "NULL", "REMARKS": "NULL", "TM_X97": 219507.6, "TM_Y97": 2670025.3, "ISCROSSRIV": "1", "TRINO1": 1430, "TRINO2": "143050", "TRINO3": "143053", "DAMAREA": null, "DISUMMARY": null, "OBSITEMS": "0", "REPLACE_ST": "NULL", "OBSREMARKS": "NULL", "BASIN_NAME": "烏溪", "alert_level_1": 75.5, "alert_level_2": 74.8, "alert_level_3": null, "camera_sta": null, "camera_id": null, "camera_sourceid": null }, "geometry": { "type": "Point", "coordinates": [ 120.699982375799053, 24.135167364908682 ] } },
{ "type": "Feature", "properties": { "ST_NO": "1430H048", "NAME_C": "雙冬橋", "ADDR_C": "南投縣草屯鎮平峰路", "ADMICODE": 10, "WR_DIST_NO": 20, "DEPTID": 3, "DRAINAGE_A": "NULL", "LEVEL0": "18275.1", "OBSERVE": "NULL", "RESERVOIR": "NULL", "REMARKS": "NULL", "TM_X97": 227565.5, "TM_Y97": 2653244.8, "ISCROSSRIV": "1", "TRINO1": 1430, "TRINO2": "NULL", "TRINO3": "NULL", "DAMAREA": null, "DISUMMARY": null, "OBSITEMS": "0", "REPLACE_ST": "NULL", "OBSREMARKS": "NULL", "BASIN_NAME": "烏溪", "alert_level_1": 174.3, "alert_level_2": 172.7, "alert_level_3": null, "camera_sta": null, "camera_id": null, "camera_sourceid": null }, "geometry": { "type": "Point", "coordinates": [ 120.779523294049952, 23.983784030231931 ] } },
{ "type": "Feature", "properties": { "ST_NO": "1430H051", "NAME_C": "一江橋", "ADDR_C": "台中市太平區東平路12號50m處", "ADMICODE": 1, "WR_DIST_NO": 20, "DEPTID": 3, "DRAINAGE_A": "NULL", "LEVEL0": "16732", "OBSERVE": "1", "RESERVOIR": "NULL", "REMARKS": "NULL", "TM_X97": 223229.1, "TM_Y97": 2669744.3, "ISCROSSRIV": "1", "TRINO1": 1430, "TRINO2": "143050", "TRINO3": "143054", "DAMAREA": null, "DISUMMARY": null, "OBSITEMS": "0", "REPLACE_ST": "NULL", "OBSREMARKS": "NULL", "BASIN_NAME": "烏溪", "alert_level_1": 105.2, "alert_level_2": 103.9, "alert_level_3": null, "camera_sta": null, "camera_id": null, "camera_sourceid": null }, "geometry": { "type": "Point", "coordinates": [ 120.736603441806835, 24.132697680620588 ] } },
{ "type": "Feature", "properties": { "ST_NO": "1430H052", "NAME_C": "嘉新橋", "ADDR_C": "台中市潭子 區仁愛路1段167號邊", "ADMICODE": 1, "WR_DIST_NO": 20, "DEPTID": 3, "DRAINAGE_A": "NULL", "LEVEL0": "18203", "OBSERVE": "1", "RESERVOIR": "NULL", "REMARKS": "NULL", "TM_X97": 221356.79, "TM_Y97": 2679214.34, "ISCROSSRIV": "1", "TRINO1": 1430, "TRINO2": "143050", "TRINO3": "143053", "DAMAREA": null, "DISUMMARY": null, "OBSITEMS": "0", "REPLACE_ST": "NULL", "OBSREMARKS": "NULL", "BASIN_NAME": "烏溪", "alert_level_1": 178.0, "alert_level_2": 177.2, "alert_level_3": null, "camera_sta": null, "camera_id": null, "camera_sourceid": null }, "geometry": { "type": "Point", "coordinates": [ 120.717994303938283, 24.218172260621177 ] } },
{ "type": "Feature", "properties": { "ST_NO": "1430H053", "NAME_C": "大里橋", "ADDR_C": "台中市大里區元堤路2段12號前50m處", "ADMICODE": 1, "WR_DIST_NO": 20, "DEPTID": 3, "DRAINAGE_A": "NULL", "LEVEL0": "4880.5", "OBSERVE": "1", "RESERVOIR": "NULL", "REMARKS": "NULL", "TM_X97": 218372.3, "TM_Y97": 2665420.5, "ISCROSSRIV": "1", "TRINO1": 1430, "TRINO2": "143050", "TRINO3": "NULL", "DAMAREA": null, "DISUMMARY": null, "OBSITEMS": "0", "REPLACE_ST": "NULL", "OBSREMARKS": "NULL", "BASIN_NAME": "烏溪", "alert_level_1": 44.3, "alert_level_2": 43.0, "alert_level_3": null, "camera_sta": null, "camera_id": null, "camera_sourceid": null }, "geometry": { "type": "Point", "coordinates": [ 120.688912680664018, 24.093566843018515 ] } },
{ "type": "Feature", "properties": { "ST_NO": "1430H054", "NAME_C": "福新橋", "ADDR_C": "台中市霧峰區四德路191巷12號前300m處", "ADMICODE": 1, "WR_DIST_NO": 10, "DEPTID": 3, "DRAINAGE_A": "0", "LEVEL0": "5445.3", "OBSERVE": "1", "RESERVOIR": "NULL", "REMARKS": null, "TM_X97": 218774.09, "TM_Y97": 2661548.68, "ISCROSSRIV": "1", "TRINO1": 1430, "TRINO2": "143050", "TRINO3": null, "DAMAREA": "NULL", "DISUMMARY": null, "OBSITEMS": "0", "REPLACE_ST": "NULL", "OBSREMARKS": "NULL", "BASIN_NAME": "烏溪", "alert_level_1": null, "alert_level_2": null, "alert_level_3": null, "camera_sta": null, "camera_id": null, "camera_sourceid": null }, "geometry": { "type": "Point", "coordinates": [ 120.692947865555226, 24.058614783169716 ] } },
{ "type": "Feature", "properties": { "ST_NO": "1430H055", "NAME_C": "銀聯一橋", "ADDR_C": "台中市大里區健東路125號前50m處", "ADMICODE": 1, "WR_DIST_NO": 20, "DEPTID": 3, "DRAINAGE_A": "NULL", "LEVEL0": "9126.3", "OBSERVE": "1", "RESERVOIR": "NULL", "REMARKS": "NULL", "TM_X97": 221928.9, "TM_Y97": 2664526.3, "ISCROSSRIV": "1", "TRINO1": 1430, "TRINO2": "143050", "TRINO3": "143055", "DAMAREA": null, "DISUMMARY": null, "OBSITEMS": "0", "REPLACE_ST": "NULL", "OBSREMARKS": "NULL", "BASIN_NAME": "烏溪", "alert_level_1": 86.4, "alert_level_2": 85.5, "alert_level_3": null, "camera_sta": null, "camera_id": null, "camera_sourceid": null }, "geometry": { "type": "Point", "coordinates": [ 120.723912051654906, 24.08555996067788 ] } },
{ "type": "Feature", "properties": { "ST_NO": "1430H056", "NAME_C": "溪洲橋", "ADDR_C": "台中市太平區新平路二段", "ADMICODE": 1, "WR_DIST_NO": 20, "DEPTID": 3, "DRAINAGE_A": "NULL", "LEVEL0": "8664.1", "OBSERVE": "1", "RESERVOIR": "NULL", "REMARKS": "NULL", "TM_X97": 221112.6, "TM_Y97": 2670031.5, "ISCROSSRIV": "1", "TRINO1": 1430, "TRINO2": "143050", "TRINO3": "NULL", "DAMAREA": null, "DISUMMARY": null, "OBSITEMS": "0", "REPLACE_ST": "NULL", "OBSREMARKS": "NULL", "BASIN_NAME": "烏溪", "alert_level_1": 82.6, "alert_level_2": 81.6, "alert_level_3": null, "camera_sta": null, "camera_id": null, "camera_sourceid": null }, "geometry": { "type": "Point", "coordinates": [ 120.715773843723071, 24.13525355877541 ] } },
{ "type": "Feature", "properties": { "ST_NO": "1430H057", "NAME_C": "精忠橋", "ADDR_C": "台中市烏日區中山路一段", "ADMICODE": 1, "WR_DIST_NO": 10, "DEPTID": 3, "DRAINAGE_A": "0", "LEVEL0": "3713", "OBSERVE": null, "RESERVOIR": null, "REMARKS": null, "TM_X97": 213811.49, "TM_Y97": 2667220.11, "ISCROSSRIV": "1", "TRINO1": 1430, "TRINO2": null, "TRINO3": null, "DAMAREA": "NULL", "DISUMMARY": null, "OBSITEMS": "0", "REPLACE_ST": "NULL", "OBSREMARKS": "NULL", "BASIN_NAME": "烏溪", "alert_level_1": null, "alert_level_2": null, "alert_level_3": null, "camera_sta": null, "camera_id": null, "camera_sourceid": null }, "geometry": { "type": "Point", "coordinates": [ 120.644008671294557, 24.109718173162509 ] } },
{ "type": "Feature", "properties": { "ST_NO": "1430H058", "NAME_C": "福墩橋", "ADDR_C": "台中市西屯區福科路", "ADMICODE": 12, "WR_DIST_NO": 10, "DEPTID": 3, "DRAINAGE_A": "0", "LEVEL0": "9150", "OBSERVE": null, "RESERVOIR": null, "REMARKS": null, "TM_X97": 212628.53, "TM_Y97": 2675025.22, "ISCROSSRIV": "1", "TRINO1": 1430, "TRINO2": null, "TRINO3": null, "DAMAREA": "NULL", "DISUMMARY": null, "OBSITEMS": "0", "REPLACE_ST": "NULL", "OBSREMARKS": "NULL", "BASIN_NAME": "烏溪", "alert_level_1": null, "alert_level_2": null, "alert_level_3": null, "camera_sta": null, "camera_id": null, "camera_sourceid": null }, "geometry": { "type": "Point", "coordinates": [ 120.632170291538301, 24.180164679214169 ] } },
{ "type": "Feature", "properties": { "ST_NO": "1430H060", "NAME_C": "斜張橋", "ADDR_C": "台中市烏日區斜張橋", "ADMICODE": 1, "WR_DIST_NO": 10, "DEPTID": 3, "DRAINAGE_A": "0", "LEVEL0": "3956", "OBSERVE": "NULL", "RESERVOIR": "NULL", "REMARKS": null, "TM_X97": 211932.44, "TM_Y97": 2666047.95, "ISCROSSRIV": "1", "TRINO1": 1430, "TRINO2": "143050", "TRINO3": "143053", "DAMAREA": "NULL", "DISUMMARY": null, "OBSITEMS": "0", "REPLACE_ST": "NULL", "OBSREMARKS": "NULL", "BASIN_NAME": "烏溪", "alert_level_1": null, "alert_level_2": null, "alert_level_3": null, "camera_sta": null, "camera_id": null, "camera_sourceid": null }, "geometry": { "type": "Point", "coordinates": [ 120.625555275378133, 24.099090254582311 ] } },
{ "type": "Feature", "properties": { "ST_NO": "1430H061", "NAME_C": "烏日橋", "ADDR_C": "台中市烏日區烏日橋", "ADMICODE": 1, "WR_DIST_NO": 10, "DEPTID": 3, "DRAINAGE_A": "0", "LEVEL0": "3133", "OBSERVE": "NULL", "RESERVOIR": "NULL", "REMARKS": null, "TM_X97": 212554.41, "TM_Y97": 2666710.12, "ISCROSSRIV": "1", "TRINO1": 1430, "TRINO2": "143050", "TRINO3": "143053", "DAMAREA": "NULL", "DISUMMARY": null, "OBSITEMS": "0", "REPLACE_ST": "NULL", "OBSREMARKS": "NULL", "BASIN_NAME": "烏溪", "alert_level_1": null, "alert_level_2": null, "alert_level_3": null, "camera_sta": null, "camera_id": null, "camera_sourceid": null }, "geometry": { "type": "Point", "coordinates": [ 120.631655972810336, 24.105084030306017 ] } },
{ "type": "Feature", "properties": { "ST_NO": "1430H066", "NAME_C": "愛蘭橋", "ADDR_C": "南港溪及桃米坑匯流處", "ADMICODE": 3, "WR_DIST_NO": 10, "DEPTID": 3, "DRAINAGE_A": "0", "LEVEL0": "44768.5", "OBSERVE": "NULL", "RESERVOIR": "NULL", "REMARKS": null, "TM_X97": 244552.61, "TM_Y97": 2651357.21, "ISCROSSRIV": "1", "TRINO1": 1430, "TRINO2": null, "TRINO3": null, "DAMAREA": "NULL", "DISUMMARY": null, "OBSITEMS": "0", "REPLACE_ST": "NULL", "OBSREMARKS": "NULL", "BASIN_NAME": "烏溪", "alert_level_1": null, "alert_level_2": null, "alert_level_3": null, "camera_sta": null, "camera_id": null, "camera_sourceid": null }, "geometry": { "type": "Point", "coordinates": [ 120.946472269087593, 23.966888929240483 ] } },
{ "type": "Feature", "properties": { "ST_NO": "1430H067", "NAME_C": "炎峰橋", "ADDR_C": "鳥嘴潭上游2公里處", "ADMICODE": 10, "WR_DIST_NO": 10, "DEPTID": 3, "DRAINAGE_A": "0", "LEVEL0": "18222.7", "OBSERVE": "NULL", "RESERVOIR": "NULL", "REMARKS": null, "TM_X97": 225143.6, "TM_Y97": 2653235.8, "ISCROSSRIV": "1", "TRINO1": 1430, "TRINO2": null, "TRINO3": null, "DAMAREA": "NULL", "DISUMMARY": null, "OBSITEMS": "0", "REPLACE_ST": "NULL", "OBSREMARKS": "NULL", "BASIN_NAME": "烏溪", "alert_level_1": null, "alert_level_2": null, "alert_level_3": null, "camera_sta": null, "camera_id": null, "camera_sourceid": null }, "geometry": { "type": "Point", "coordinates": [ 120.75572220667641, 23.983666712431109 ] } },
{ "type": "Feature", "properties": { "ST_NO": "1430H068", "NAME_C": "千義橋", "ADDR_C": "南投縣南投市市區上游三公里處", "ADMICODE": 10, "WR_DIST_NO": 10, "DEPTID": 3, "DRAINAGE_A": "0", "LEVEL0": "12627.2", "OBSERVE": "NULL", "RESERVOIR": "NULL", "REMARKS": null, "TM_X97": 221539.49, "TM_Y97": 2643101.71, "ISCROSSRIV": "1", "TRINO1": 1430, "TRINO2": null, "TRINO3": null, "DAMAREA": "NULL", "DISUMMARY": null, "OBSITEMS": "0", "REPLACE_ST": "NULL", "OBSREMARKS": "NULL", "BASIN_NAME": "烏溪", "alert_level_1": null, "alert_level_2": null, "alert_level_3": null, "camera_sta": null, "camera_id": null, "camera_sourceid": null }, "geometry": { "type": "Point", "coordinates": [ 120.720500028515616, 23.892100021116899 ] } },
{ "type": "Feature", "properties": { "ST_NO": "1420H049", "NAME_C": "大甲溪橋", "ADDR_C": "台中市清水區中山路", "ADMICODE": 1, "WR_DIST_NO": 20, "DEPTID": 3, "DRAINAGE_A": "NULL", "LEVEL0": "5750", "OBSERVE": "NULL", "RESERVOIR": "NULL", "REMARKS": "NULL", "TM_X97": 209893.68, "TM_Y97": 2690018.44, "ISCROSSRIV": "1", "TRINO1": 1420, "TRINO2": "NULL", "TRINO3": "NULL", "DAMAREA": null, "DISUMMARY": "德基水庫、天輪後池堰、馬鞍後池堰", "OBSITEMS": "0", "REPLACE_ST": "NULL", "OBSREMARKS": "NULL", "BASIN_NAME": "大甲溪", "alert_level_1": 60.1, "alert_level_2": 59.3, "alert_level_3": null, "camera_sta": null, "camera_id": null, "camera_sourceid": null }, "geometry": { "type": "Point", "coordinates": [ 120.604834951180379, 24.315472199359423 ] } },
{ "type": "Feature", "properties": { "ST_NO": "1420H052", "NAME_C": "馬鞍後池", "ADDR_C": "台中市東勢區", "ADMICODE": 1, "WR_DIST_NO": 20, "DEPTID": 12, "DRAINAGE_A": "870.95", "LEVEL0": "43200", "OBSERVE": "NULL", "RESERVOIR": "NULL", "REMARKS": "NULL", "TM_X97": 243789.4, "TM_Y97": 2673987.41, "ISCROSSRIV": "0", "TRINO1": 1420, "TRINO2": "NULL", "TRINO3": "NULL", "DAMAREA": null, "DISUMMARY": null, "OBSITEMS": "0,1", "REPLACE_ST": "NULL", "OBSREMARKS": "原為(天輪後池)", "BASIN_NAME": "大甲溪", "alert_level_1": null, "alert_level_2": null, "alert_level_3": null, "camera_sta": null, "camera_id": null, "camera_sourceid": null }, "geometry": { "type": "Point", "coordinates": [ 120.938875984969044, 24.171225333290224 ] } },
{ "type": "Feature", "properties": { "ST_NO": "1420H053", "NAME_C": "天福大橋", "ADDR_C": "台中市新社區天福大橋", "ADMICODE": 1, "WR_DIST_NO": 20, "DEPTID": 12, "DRAINAGE_A": "NULL", "LEVEL0": "NULL", "OBSERVE": "NULL", "RESERVOIR": "NULL", "REMARKS": null, "TM_X97": 235891.59, "TM_Y97": 2672825.37, "ISCROSSRIV": "1", "TRINO1": 1420, "TRINO2": null, "TRINO3": null, "DAMAREA": "NULL", "DISUMMARY": null, "OBSITEMS": "0,1", "REPLACE_ST": "NULL", "OBSREMARKS": "NULL", "BASIN_NAME": "大甲溪", "alert_level_1": null, "alert_level_2": null, "alert_level_3": null, "camera_sta": null, "camera_id": null, "camera_sourceid": null }, "geometry": { "type": "Point", "coordinates": [ 120.861158116016725, 24.16068190315033 ] } },
{ "type": "Feature", "properties": { "ST_NO": "1420H054", "NAME_C": "谷關大橋", "ADDR_C": "台中市和平區東關路一段溫泉巷", "ADMICODE": 1, "WR_DIST_NO": 20, "DEPTID": 3, "DRAINAGE_A": "NULL", "LEVEL0": "72252.5", "OBSERVE": "NULL", "RESERVOIR": "NULL", "REMARKS": "NULL", "TM_X97": 251225.83, "TM_Y97": 2677605.91, "ISCROSSRIV": "1", "TRINO1": 1420, "TRINO2": "NULL", "TRINO3": "NULL", "DAMAREA": null, "DISUMMARY": "德基水庫", "OBSITEMS": "0", "REPLACE_ST": "NULL", "OBSREMARKS": "NULL", "BASIN_NAME": "大甲溪", "alert_level_1": 719.1, "alert_level_2": 718.5, "alert_level_3": null, "camera_sta": "天輪壩", "camera_id": "108", "camera_sourceid": "1" }, "geometry": { "type": "Point", "coordinates": [ 121.012067554505876, 24.203909831039905 ] } },
{ "type": "Feature", "properties": { "ST_NO": "1420H055", "NAME_C": "東勢大橋", "ADDR_C": "台中市東勢區豐勢路", "ADMICODE": 1, "WR_DIST_NO": 20, "DEPTID": 3, "DRAINAGE_A": "NULL", "LEVEL0": "33267.5", "OBSERVE": "NULL", "RESERVOIR": "NULL", "REMARKS": "NULL", "TM_X97": 231730.5, "TM_Y97": 2683936.5, "ISCROSSRIV": "1", "TRINO1": 1420, "TRINO2": "NULL", "TRINO3": "NULL", "DAMAREA": null, "DISUMMARY": "德基水庫、天輪後池堰、馬鞍後池堰", "OBSITEMS": "0", "REPLACE_ST": "NULL", "OBSREMARKS": "NULL", "BASIN_NAME": "大甲溪", "alert_level_1": 326.6, "alert_level_2": 325.8, "alert_level_3": null, "camera_sta": null, "camera_id": null, "camera_sourceid": null }, "geometry": { "type": "Point", "coordinates": [ 120.820067845709062, 24.260964697424203 ] } },
{ "type": "Feature", "properties": { "ST_NO": "1420H056", "NAME_C": "后豐大橋", "ADDR_C": "台中市后里區三豐路", "ADMICODE": 1, "WR_DIST_NO": 20, "DEPTID": 3, "DRAINAGE_A": "NULL", "LEVEL0": "21786", "OBSERVE": "NULL", "RESERVOIR": "NULL", "REMARKS": "NULL", "TM_X97": 221819.5, "TM_Y97": 2686077.4, "ISCROSSRIV": "1", "TRINO1": 1420, "TRINO2": "NULL", "TRINO3": "NULL", "DAMAREA": null, "DISUMMARY": "德基水庫、天輪後池堰、馬鞍後池堰", "OBSITEMS": "0", "REPLACE_ST": "NULL", "OBSREMARKS": "NULL", "BASIN_NAME": "大甲溪", "alert_level_1": 206.3, "alert_level_2": 205.4, "alert_level_3": null, "camera_sta": null, "camera_id": null, "camera_sourceid": null }, "geometry": { "type": "Point", "coordinates": [ 120.722415407769248, 24.28014841398765 ] } },
{ "type": "Feature", "properties": { "ST_NO": "1420H057", "NAME_C": "松鶴橋", "ADDR_C": "台中市和平區東關路一段", "ADMICODE": 1, "WR_DIST_NO": 20, "DEPTID": 3, "DRAINAGE_A": "NULL", "LEVEL0": "65506.8", "OBSERVE": "1", "RESERVOIR": "NULL", "REMARKS": "原長青橋，20090101更名", "TM_X97": 247419.0, "TM_Y97": 2674402.1, "ISCROSSRIV": "1", "TRINO1": 1420, "TRINO2": "NULL", "TRINO3": "NULL", "DAMAREA": null, "DISUMMARY": "德基水庫", "OBSITEMS": "0", "REPLACE_ST": "NULL", "OBSREMARKS": "NULL", "BASIN_NAME": "大甲溪", "alert_level_1": 646.2, "alert_level_2": 644.6, "alert_level_3": null, "camera_sta": null, "camera_id": null, "camera_sourceid": null }, "geometry": { "type": "Point", "coordinates": [ 120.974597347478209, 24.174979856733714 ] } },
{ "type": "Feature", "properties": { "ST_NO": "1420H058", "NAME_C": "龍安橋", "ADDR_C": "台中市東勢區龍安橋", "ADMICODE": 1, "WR_DIST_NO": 20, "DEPTID": 3, "DRAINAGE_A": "NULL", "LEVEL0": "45531.9", "OBSERVE": "NULL", "RESERVOIR": "NULL", "REMARKS": null, "TM_X97": 233448.3, "TM_Y97": 2674062.0, "ISCROSSRIV": "1", "TRINO1": 1420, "TRINO2": null, "TRINO3": null, "DAMAREA": "NULL", "DISUMMARY": null, "OBSITEMS": "0,1,2", "REPLACE_ST": "NULL", "OBSREMARKS": "NULL", "BASIN_NAME": "大甲溪", "alert_level_1": 446.5, "alert_level_2": 445.2, "alert_level_3": null, "camera_sta": null, "camera_id": null, "camera_sourceid": null }, "geometry": { "type": "Point", "coordinates": [ 120.837099427681324, 24.171824086768908 ] } },
{ "type": "Feature", "properties": { "ST_NO": "2200H007", "NAME_C": "延平", "ADDR_C": "台東縣鹿野鄉鹿野村", "ADMICODE": 5, "WR_DIST_NO": 40, "DEPTID": 8, "DRAINAGE_A": "1028.68", "LEVEL0": "17099", "OBSERVE": "1", "RESERVOIR": "2", "REMARKS": null, "TM_X97": 258735.42, "TM_Y97": 2533044.41, "ISCROSSRIV": "1", "TRINO1": 2200, "TRINO2": "220030", "TRINO3": null, "DAMAREA": "NULL", "DISUMMARY": "卑南上圳灌溉", "OBSITEMS": "0,1,2", "REPLACE_ST": "NULL", "OBSREMARKS": "NULL", "BASIN_NAME": "卑南溪", "alert_level_1": 163.6, "alert_level_2": 161.5, "alert_level_3": null, "camera_sta": null, "camera_id": null, "camera_sourceid": null }, "geometry": { "type": "Point", "coordinates": [ 121.085149832450199, 22.898482665329208 ] } },
{ "type": "Feature", "properties": { "ST_NO": "2200H011", "NAME_C": "台東大橋", "ADDR_C": "台東縣卑南鄉富源村", "ADMICODE": 5, "WR_DIST_NO": 40, "DEPTID": 8, "DRAINAGE_A": "1584.29", "LEVEL0": "3845", "OBSERVE": "1", "RESERVOIR": "1", "REMARKS": null, "TM_X97": 264754.35, "TM_Y97": 2521237.96, "ISCROSSRIV": "1", "TRINO1": 2200, "TRINO2": null, "TRINO3": null, "DAMAREA": "NULL", "DISUMMARY": null, "OBSITEMS": "0,1,2", "REPLACE_ST": "NULL", "OBSREMARKS": "NULL", "BASIN_NAME": "卑南溪", "alert_level_1": 31.4, "alert_level_2": 29.9, "alert_level_3": 27.9, "camera_sta": "台東大橋", "camera_id": "1928", "camera_sourceid": "10" }, "geometry": { "type": "Point", "coordinates": [ 121.143708085426923, 22.791817720173622 ] } },
{ "type": "Feature", "properties": { "ST_NO": "2200H020", "NAME_C": "新武呂(4)", "ADDR_C": "台東縣海端鄉初來村", "ADMICODE": 5, "WR_DIST_NO": 40, "DEPTID": 8, "DRAINAGE_A": "1584.29", "LEVEL0": "33028", "OBSERVE": "1", "RESERVOIR": "2", "REMARKS": null, "TM_X97": 267412.04, "TM_Y97": 2558247.9999999995, "ISCROSSRIV": "1", "TRINO1": 2200, "TRINO2": null, "TRINO3": null, "DAMAREA": "NULL", "DISUMMARY": "關山圳灌溉", "OBSITEMS": "0,1,2", "REPLACE_ST": "NULL", "OBSREMARKS": "NULL", "BASIN_NAME": "卑南溪", "alert_level_1": 320.6, "alert_level_2": 319.9, "alert_level_3": 319.0, "camera_sta": null, "camera_id": null, "camera_sourceid": null }, "geometry": { "type": "Point", "coordinates": [ 121.170011267027093, 23.126020484096269 ] } },
{ "type": "Feature", "properties": { "ST_NO": "2200H021", "NAME_C": "大崙", "ADDR_C": "台東縣海端鄉新武村(山林護管所上游50m)", "ADMICODE": 5, "WR_DIST_NO": 40, "DEPTID": 8, "DRAINAGE_A": "302", "LEVEL0": "37904", "OBSERVE": "1", "RESERVOIR": "2", "REMARKS": null, "TM_X97": 262218.94, "TM_Y97": 2559056.91, "ISCROSSRIV": "1", "TRINO1": 2200, "TRINO2": "220010", "TRINO3": null, "DAMAREA": "NULL", "DISUMMARY": null, "OBSITEMS": "0", "REPLACE_ST": "NULL", "OBSREMARKS": "NULL", "BASIN_NAME": "卑南溪", "alert_level_1": 374.7, "alert_level_2": 374.1, "alert_level_3": null, "camera_sta": null, "camera_id": null, "camera_sourceid": null }, "geometry": { "type": "Point", "coordinates": [ 121.119312369954287, 23.133371905268731 ] } },
{ "type": "Feature", "properties": { "ST_NO": "2200H022", "NAME_C": "瑞源", "ADDR_C": "臺東縣鹿野鄉瑞源村寶華大橋", "ADMICODE": 5, "WR_DIST_NO": 40, "DEPTID": 8, "DRAINAGE_A": "1584.29", "LEVEL0": "16876", "OBSERVE": "1", "RESERVOIR": "2", "REMARKS": null, "TM_X97": 267064.2, "TM_Y97": 2541516.5, "ISCROSSRIV": "1", "TRINO1": 2200, "TRINO2": null, "TRINO3": null, "DAMAREA": "NULL", "DISUMMARY": "寶華圳灌溉", "OBSITEMS": "0,1,2", "REPLACE_ST": "NULL", "OBSREMARKS": "NULL", "BASIN_NAME": "卑南溪", "alert_level_1": 163.5, "alert_level_2": 162.4, "alert_level_3": null, "camera_sta": "寶華1", "camera_id": "1220", "camera_sourceid": "10" }, "geometry": { "type": "Point", "coordinates": [ 121.166429165448406, 22.974927938865893 ] } },
{ "type": "Feature", "properties": { "ST_NO": "2200H025", "NAME_C": "電光橋", "ADDR_C": "台東縣關山鎮新福里", "ADMICODE": 5, "WR_DIST_NO": 40, "DEPTID": 8, "DRAINAGE_A": "NULL", "LEVEL0": "22024", "OBSERVE": "NULL", "RESERVOIR": "NULL", "REMARKS": null, "TM_X97": 268021.05, "TM_Y97": 2548260.76, "ISCROSSRIV": "1", "TRINO1": 2200, "TRINO2": null, "TRINO3": null, "DAMAREA": "NULL", "DISUMMARY": "農田水利會", "OBSITEMS": "0", "REPLACE_ST": "NULL", "OBSREMARKS": "NULL", "BASIN_NAME": "卑南溪", "alert_level_1": 214.8, "alert_level_2": 213.6, "alert_level_3": 212.0, "camera_sta": "電光1", "camera_id": "1222", "camera_sourceid": "10" }, "geometry": { "type": "Point", "coordinates": [ 121.175840298535547, 23.035823175224369 ] } },
{ "type": "Feature", "properties": { "ST_NO": "2200H026", "NAME_C": "鸞山橋", "ADDR_C": "台東縣鹿野鄉鸞山村", "ADMICODE": 5, "WR_DIST_NO": 40, "DEPTID": 8, "DRAINAGE_A": "NULL", "LEVEL0": "11960", "OBSERVE": "NULL", "RESERVOIR": "NULL", "REMARKS": null, "TM_X97": 264839.8, "TM_Y97": 2533968.5, "ISCROSSRIV": "1", "TRINO1": 2200, "TRINO2": null, "TRINO3": null, "DAMAREA": "NULL", "DISUMMARY": null, "OBSITEMS": "0", "REPLACE_ST": "NULL", "OBSREMARKS": "NULL", "BASIN_NAME": "卑南溪", "alert_level_1": 114.4, "alert_level_2": 112.8, "alert_level_3": null, "camera_sta": "鸞山2", "camera_id": "1218", "camera_sourceid": "10" }, "geometry": { "type": "Point", "coordinates": [ 121.144661937760731, 22.906784938343591 ] } },
{ "type": "Feature", "properties": { "ST_NO": "2200H028", "NAME_C": "池上大橋", "ADDR_C": "臺東縣池上鄉池上大橋", "ADMICODE": 5, "WR_DIST_NO": 40, "DEPTID": 8, "DRAINAGE_A": "NULL", "LEVEL0": "29068", "OBSERVE": "NULL", "RESERVOIR": "NULL", "REMARKS": "NULL", "TM_X97": 269669.92, "TM_Y97": 2555221.98, "ISCROSSRIV": "1", "TRINO1": 2200, "TRINO2": null, "TRINO3": null, "DAMAREA": null, "DISUMMARY": null, "OBSITEMS": "0", "REPLACE_ST": "NULL", "OBSREMARKS": "NULL", "BASIN_NAME": "卑南溪", "alert_level_1": 284.5, "alert_level_2": 284.1, "alert_level_3": null, "camera_sta": null, "camera_id": null, "camera_sourceid": null }, "geometry": { "type": "Point", "coordinates": [ 121.192018262700188, 23.098668532744004 ] } },
{ "type": "Feature", "properties": { "ST_NO": "2200H029", "NAME_C": "鹿鳴橋", "ADDR_C": "臺東縣鹿野鄉鹿鳴橋", "ADMICODE": 5, "WR_DIST_NO": 40, "DEPTID": 8, "DRAINAGE_A": "0", "LEVEL0": "16072", "OBSERVE": "NULL", "RESERVOIR": "NULL", "REMARKS": null, "TM_X97": 259692.4, "TM_Y97": 2532320.9, "ISCROSSRIV": "1", "TRINO1": 2200, "TRINO2": "220030", "TRINO3": null, "DAMAREA": "NULL", "DISUMMARY": null, "OBSITEMS": "0,1", "REPLACE_ST": "NULL", "OBSREMARKS": "NULL", "BASIN_NAME": "卑南溪", "alert_level_1": 149.6, "alert_level_2": 148.6, "alert_level_3": null, "camera_sta": "鹿鳴", "camera_id": "1211", "camera_sourceid": "10" }, "geometry": { "type": "Point", "coordinates": [ 121.094473606850471, 22.891943488292895 ] } }
]
}
